direction,country_code,country,sample_city,sample_postcode,address_source,size,pickup_style,provider_type,service_slug,service_name,courier,price_inc_vat,error
"outbound","ES","Spain","Madrid","28001","built-in","Large letter 1kg 35x25x2","dropoff","Shop","royalmail-int","Royal Mail International Tracked","Royal Mail","12.55",""
"outbound","ES","Spain","Madrid","28001","built-in","Large letter 1kg 35x25x2","collection","Collection","royalmail-int-tracked-collection","Royal Mail International Tracked Collection","Royal Mail","12.85",""
"outbound","ES","Spain","Madrid","28001","built-in","Large letter 1kg 35x25x2","dropoff","Shop","dpd-int-tracked-mail-dropoff","DPD Lite","DPD","12.89",""
"outbound","ES","Spain","Madrid","28001","built-in","Large letter 1kg 35x25x2","dropoff","Shop","fedex-world-express-dropoff_2633","FedEx International Connect Plus Drop Off","FedEx Express","14.99",""
"outbound","ES","Spain","Madrid","28001","built-in","Large letter 1kg 35x25x2","dropoff","Shop","ups-access-point-dap-euro","UPS Standard™ – drop off","UPS Access Point","15.38",""
"outbound","ES","Spain","Madrid","28001","built-in","Large letter 1kg 35x25x2","dropoff","Shop","royalmail-int-signed-mp-dropoff_2655","Royal Mail International Tracked Heavier","Royal Mail","15.95",""
"outbound","ES","Spain","Madrid","28001","built-in","Large letter 1kg 35x25x2","collection","Collection","royalmail-int-signed-collection_2611_2656","Royal Mail International Tracked Collection Heavier","Royal Mail","16.25",""
"outbound","ES","Spain","Madrid","28001","built-in","Large letter 1kg 35x25x2","dropoff","Shop","parcelforce-euro-priority-drop-shop","Parcelforce Worldwide - Euro Economy Drop Shop","Parcelforce","16.37",""
"outbound","ES","Spain","Madrid","28001","built-in","Large letter 1kg 35x25x2","collection","Collection","parcelforce-euro-priority","Parcelforce Worldwide - Euro Economy","Parcelforce","16.67",""
"outbound","ES","Spain","Madrid","28001","built-in","Large letter 1kg 35x25x2","collection","Collection","ups-dap-standard","UPS Standard®","UPS","17.53",""
"outbound","ES","Spain","Madrid","28001","built-in","Large letter 1kg 35x25x2","collection","Collection","fedex-world-express_2653","FedEx International Connect Plus","FedEx Express","17.78",""
"outbound","ES","Spain","Madrid","28001","built-in","Large letter 1kg 35x25x2","dropoff","Shop","ups-access-point-dap-express","UPS Express Saver™ - drop off","UPS Access Point","20.54",""
"outbound","ES","Spain","Madrid","28001","built-in","Large letter 1kg 35x25x2","collection","Collection","ups-dap-express-saver","UPS Express Saver®","UPS","22.69",""
"outbound","ES","Spain","Madrid","28001","built-in","Large letter 1kg 35x25x2","collection","Collection","fedex-regional-economy-dropoff_2308","FedEx Regional Economy®","FedEx Express","24.31",""
"outbound","ES","Spain","Madrid","28001","built-in","Large letter 1kg 35x25x2","dropoff","Shop","dpd-pickup-air-express","DPD Drop Off Express","DPD","29.22",""
"outbound","ES","Spain","Madrid","28001","built-in","Large letter 1kg 35x25x2","collection","Collection","dpd-air-express","DPD Air Express","DPD","32.37",""
"outbound","ES","Spain","Madrid","28001","built-in","Large letter 1kg 35x25x2","collection","Collection","ups-dap-express","UPS Express®","UPS","32.87",""
"outbound","ES","Spain","Madrid","28001","built-in","Large letter 1kg 35x25x2","dropoff","Shop","fedex-world-express-dropoff","FedEx International Priority® DropOff","FedEx Express","34.28",""
"outbound","ES","Spain","Madrid","28001","built-in","Large letter 1kg 35x25x2","collection","Collection","fedex-world-express","FedEx International Priority®","FedEx Express","37.76",""
"outbound","ES","Spain","Madrid","28001","built-in","Large letter 1kg 35x25x2","collection","Collection","dpd-air-classic","DPD Air Classic","DPD","38.38",""
"outbound","ES","Spain","Madrid","28001","built-in","Large letter 1kg 35x25x2","dropoff","Shop","dpd-pickup-air-classic","DPD Drop Off International","DPD","42.48",""
"outbound","ES","Spain","Madrid","28001","built-in","Small parcel 2kg 45x35x16","dropoff","Shop","royalmail-int-signed-mp-dropoff_2655","Royal Mail International Tracked Heavier","Royal Mail","18.25",""
"outbound","ES","Spain","Madrid","28001","built-in","Small parcel 2kg 45x35x16","collection","Collection","royalmail-int-signed-collection_2611_2656","Royal Mail International Tracked Collection Heavier","Royal Mail","18.55",""
"outbound","ES","Spain","Madrid","28001","built-in","Small parcel 2kg 45x35x16","dropoff","Shop","ups-access-point-dap-euro","UPS Standard™ – drop off","UPS Access Point","19.06",""
"outbound","ES","Spain","Madrid","28001","built-in","Small parcel 2kg 45x35x16","collection","Collection","ups-dap-standard","UPS Standard®","UPS","21.21",""
"outbound","ES","Spain","Madrid","28001","built-in","Small parcel 2kg 45x35x16","collection","Collection","fedex-world-express_2653","FedEx International Connect Plus","FedEx Express","26.26",""
"outbound","ES","Spain","Madrid","28001","built-in","Small parcel 2kg 45x35x16","dropoff","Shop","fedex-world-express-dropoff_2633","FedEx International Connect Plus Drop Off","FedEx Express","26.69",""
"outbound","ES","Spain","Madrid","28001","built-in","Small parcel 2kg 45x35x16","dropoff","Shop","parcelforce-euro-priority-drop-shop","Parcelforce Worldwide - Euro Economy Drop Shop","Parcelforce","26.95",""
"outbound","ES","Spain","Madrid","28001","built-in","Small parcel 2kg 45x35x16","collection","Collection","parcelforce-euro-priority","Parcelforce Worldwide - Euro Economy","Parcelforce","27.27",""
"outbound","ES","Spain","Madrid","28001","built-in","Small parcel 2kg 45x35x16","dropoff","Shop","ups-access-point-dap-express","UPS Express Saver™ - drop off","UPS Access Point","33.21",""
"outbound","ES","Spain","Madrid","28001","built-in","Small parcel 2kg 45x35x16","collection","Collection","fedex-regional-economy-dropoff_2308","FedEx Regional Economy®","FedEx Express","34.39",""
"outbound","ES","Spain","Madrid","28001","built-in","Small parcel 2kg 45x35x16","collection","Collection","ups-dap-express-saver","UPS Express Saver®","UPS","35.36",""
"outbound","ES","Spain","Madrid","28001","built-in","Small parcel 2kg 45x35x16","dropoff","Shop","dpd-pickup-air-classic","DPD Drop Off International","DPD","45.18",""
"outbound","ES","Spain","Madrid","28001","built-in","Small parcel 2kg 45x35x16","collection","Collection","ups-dap-express","UPS Express®","UPS","50.95",""
"outbound","ES","Spain","Madrid","28001","built-in","Small parcel 2kg 45x35x16","dropoff","Shop","dpd-pickup-air-express","DPD Drop Off Express","DPD","51.10",""
"outbound","ES","Spain","Madrid","28001","built-in","Small parcel 2kg 45x35x16","collection","Collection","dpd-air-express","DPD Air Express","DPD","53.40",""
"outbound","ES","Spain","Madrid","28001","built-in","Small parcel 2kg 45x35x16","collection","Collection","dpd-air-classic","DPD Air Classic","DPD","62.81",""
"outbound","ES","Spain","Madrid","28001","built-in","Small parcel 2kg 45x35x16","dropoff","Shop","fedex-world-express-dropoff","FedEx International Priority® DropOff","FedEx Express","66.73",""
"outbound","ES","Spain","Madrid","28001","built-in","Small parcel 2kg 45x35x16","collection","Collection","fedex-world-express","FedEx International Priority®","FedEx Express","73.55",""
"outbound","ES","Spain","Madrid","28001","built-in","Racket (tennis/badminton/squash) 1kg 70x30x8","dropoff","Shop","ups-access-point-dap-euro","UPS Standard™ – drop off","UPS Access Point","16.49",""
"outbound","ES","Spain","Madrid","28001","built-in","Racket (tennis/badminton/squash) 1kg 70x30x8","collection","Collection","ups-dap-standard","UPS Standard®","UPS","18.64",""
"outbound","ES","Spain","Madrid","28001","built-in","Racket (tennis/badminton/squash) 1kg 70x30x8","dropoff","Shop","fedex-world-express-dropoff_2633","FedEx International Connect Plus Drop Off","FedEx Express","21.03",""
"outbound","ES","Spain","Madrid","28001","built-in","Racket (tennis/badminton/squash) 1kg 70x30x8","collection","Collection","fedex-world-express_2653","FedEx International Connect Plus","FedEx Express","21.38",""
"outbound","ES","Spain","Madrid","28001","built-in","Racket (tennis/badminton/squash) 1kg 70x30x8","dropoff","Shop","ups-access-point-dap-express","UPS Express Saver™ - drop off","UPS Access Point","22.48",""
"outbound","ES","Spain","Madrid","28001","built-in","Racket (tennis/badminton/squash) 1kg 70x30x8","dropoff","Shop","parcelforce-euro-priority-drop-shop","Parcelforce Worldwide - Euro Economy Drop Shop","Parcelforce","22.77",""
"outbound","ES","Spain","Madrid","28001","built-in","Racket (tennis/badminton/squash) 1kg 70x30x8","collection","Collection","parcelforce-euro-priority","Parcelforce Worldwide - Euro Economy","Parcelforce","23.07",""
"outbound","ES","Spain","Madrid","28001","built-in","Racket (tennis/badminton/squash) 1kg 70x30x8","collection","Collection","ups-dap-express-saver","UPS Express Saver®","UPS","24.63",""
"outbound","ES","Spain","Madrid","28001","built-in","Racket (tennis/badminton/squash) 1kg 70x30x8","collection","Collection","fedex-regional-economy-dropoff_2308","FedEx Regional Economy®","FedEx Express","27.61",""
"outbound","ES","Spain","Madrid","28001","built-in","Racket (tennis/badminton/squash) 1kg 70x30x8","collection","Collection","ups-dap-express","UPS Express®","UPS","41.48",""
"outbound","ES","Spain","Madrid","28001","built-in","Racket (tennis/badminton/squash) 1kg 70x30x8","collection","Collection","dpd-air-express","DPD Air Express","DPD","44.97",""
"outbound","ES","Spain","Madrid","28001","built-in","Racket (tennis/badminton/squash) 1kg 70x30x8","dropoff","Shop","fedex-world-express-dropoff","FedEx International Priority® DropOff","FedEx Express","52.73",""
"outbound","ES","Spain","Madrid","28001","built-in","Racket (tennis/badminton/squash) 1kg 70x30x8","collection","Collection","dpd-air-classic","DPD Air Classic","DPD","53.08",""
"outbound","ES","Spain","Madrid","28001","built-in","Racket (tennis/badminton/squash) 1kg 70x30x8","collection","Collection","fedex-world-express","FedEx International Priority®","FedEx Express","58.02",""
"outbound","ES","Spain","Madrid","28001","built-in","Bag / padel racket 2kg 80x35x15","dropoff","Shop","ups-access-point-dap-euro","UPS Standard™ – drop off","UPS Access Point","19.06",""
"outbound","ES","Spain","Madrid","28001","built-in","Bag / padel racket 2kg 80x35x15","collection","Collection","ups-dap-standard","UPS Standard®","UPS","21.21",""
"outbound","ES","Spain","Madrid","28001","built-in","Bag / padel racket 2kg 80x35x15","collection","Collection","fedex-world-express_2653","FedEx International Connect Plus","FedEx Express","32.59",""
"outbound","ES","Spain","Madrid","28001","built-in","Bag / padel racket 2kg 80x35x15","dropoff","Shop","fedex-world-express-dropoff_2633","FedEx International Connect Plus Drop Off","FedEx Express","33.09",""
"outbound","ES","Spain","Madrid","28001","built-in","Bag / padel racket 2kg 80x35x15","dropoff","Shop","parcelforce-euro-priority-drop-shop","Parcelforce Worldwide - Euro Economy Drop Shop","Parcelforce","33.23",""
"outbound","ES","Spain","Madrid","28001","built-in","Bag / padel racket 2kg 80x35x15","collection","Collection","parcelforce-euro-priority","Parcelforce Worldwide - Euro Economy","Parcelforce","34.01",""
"outbound","ES","Spain","Madrid","28001","built-in","Bag / padel racket 2kg 80x35x15","dropoff","Shop","ups-access-point-dap-express","UPS Express Saver™ - drop off","UPS Access Point","34.03",""
"outbound","ES","Spain","Madrid","28001","built-in","Bag / padel racket 2kg 80x35x15","collection","Collection","ups-dap-express-saver","UPS Express Saver®","UPS","36.18",""
"outbound","ES","Spain","Madrid","28001","built-in","Bag / padel racket 2kg 80x35x15","collection","Collection","fedex-regional-economy-dropoff_2308","FedEx Regional Economy®","FedEx Express","40.50",""
"outbound","ES","Spain","Madrid","28001","built-in","Bag / padel racket 2kg 80x35x15","collection","Collection","ups-dap-express","UPS Express®","UPS","51.77",""
"outbound","ES","Spain","Madrid","28001","built-in","Bag / padel racket 2kg 80x35x15","collection","Collection","dpd-air-express","DPD Air Express","DPD","66.05",""
"outbound","ES","Spain","Madrid","28001","built-in","Bag / padel racket 2kg 80x35x15","collection","Collection","dpd-air-classic","DPD Air Classic","DPD","77.62",""
"outbound","ES","Spain","Madrid","28001","built-in","Bag / padel racket 2kg 80x35x15","dropoff","Shop","fedex-world-express-dropoff","FedEx International Priority® DropOff","FedEx Express","91.18",""
"outbound","ES","Spain","Madrid","28001","built-in","Bag / padel racket 2kg 80x35x15","collection","Collection","fedex-world-express","FedEx International Priority®","FedEx Express","100.46",""
"return","ES","Spain","Madrid","28001","built-in","Large letter 1kg 35x25x2","collection","Collection","mfb-fx-prio","FedEx International Priority","My Flying Box","74.62",""
"return","ES","Spain","Madrid","28001","built-in","Large letter 1kg 35x25x2","collection","Collection","mfb-fx-eco","FedEx International Economy","My Flying Box","138.12",""
"return","ES","Spain","Madrid","28001","built-in","Small parcel 2kg 45x35x16","collection","Collection","mfb-fx-prio","FedEx International Priority","My Flying Box","75.90",""
"return","ES","Spain","Madrid","28001","built-in","Small parcel 2kg 45x35x16","collection","Collection","mfb-fx-eco","FedEx International Economy","My Flying Box","217.85",""
"return","ES","Spain","Madrid","28001","built-in","Racket (tennis/badminton/squash) 1kg 70x30x8","collection","Collection","mfb-fx-prio","FedEx International Priority","My Flying Box","75.03",""
"return","ES","Spain","Madrid","28001","built-in","Racket (tennis/badminton/squash) 1kg 70x30x8","collection","Collection","mfb-fx-eco","FedEx International Economy","My Flying Box","189.93",""
"return","ES","Spain","Madrid","28001","built-in","Bag / padel racket 2kg 80x35x15","collection","Collection","mfb-fx-prio","FedEx International Priority","My Flying Box","85.00",""
"return","ES","Spain","Madrid","28001","built-in","Bag / padel racket 2kg 80x35x15","collection","Collection","mfb-fx-eco","FedEx International Economy","My Flying Box","241.54",""
"outbound","IT","Italy","Rome","00184","built-in","Large letter 1kg 35x25x2","dropoff","Shop","royalmail-int","Royal Mail International Tracked","Royal Mail","13.05",""
"outbound","IT","Italy","Rome","00184","built-in","Large letter 1kg 35x25x2","dropoff","Shop","dpd-int-tracked-mail-dropoff","DPD Lite","DPD","13.19",""
"outbound","IT","Italy","Rome","00184","built-in","Large letter 1kg 35x25x2","collection","Collection","royalmail-int-tracked-collection","Royal Mail International Tracked Collection","Royal Mail","13.35",""
"outbound","IT","Italy","Rome","00184","built-in","Large letter 1kg 35x25x2","dropoff","Shop","fedex-world-express-dropoff_2633","FedEx International Connect Plus Drop Off","FedEx Express","14.99",""
"outbound","IT","Italy","Rome","00184","built-in","Large letter 1kg 35x25x2","dropoff","Shop","royalmail-int-signed-mp-dropoff_2655","Royal Mail International Tracked Heavier","Royal Mail","15.20",""
"outbound","IT","Italy","Rome","00184","built-in","Large letter 1kg 35x25x2","collection","Collection","dpd-classic-european","DPD Classic European","DPD","15.29",""
"outbound","IT","Italy","Rome","00184","built-in","Large letter 1kg 35x25x2","dropoff","Shop","ups-access-point-dap-euro","UPS Standard™ – drop off","UPS Access Point","15.38",""
"outbound","IT","Italy","Rome","00184","built-in","Large letter 1kg 35x25x2","collection","Collection","royalmail-int-signed-collection_2611_2656","Royal Mail International Tracked Collection Heavier","Royal Mail","15.50",""
"outbound","IT","Italy","Rome","00184","built-in","Large letter 1kg 35x25x2","dropoff","Shop","dpd-classic","DPD Drop Off Europe","DPD","15.74",""
"outbound","IT","Italy","Rome","00184","built-in","Large letter 1kg 35x25x2","collection","Collection","ups-dap-standard","UPS Standard®","UPS","17.53",""
"outbound","IT","Italy","Rome","00184","built-in","Large letter 1kg 35x25x2","collection","Collection","fedex-world-express_2653","FedEx International Connect Plus","FedEx Express","17.78",""
"outbound","IT","Italy","Rome","00184","built-in","Large letter 1kg 35x25x2","dropoff","Shop","ups-access-point-dap-express","UPS Express Saver™ - drop off","UPS Access Point","20.54",""
"outbound","IT","Italy","Rome","00184","built-in","Large letter 1kg 35x25x2","collection","Collection","ups-dap-express-saver","UPS Express Saver®","UPS","22.69",""
"outbound","IT","Italy","Rome","00184","built-in","Large letter 1kg 35x25x2","collection","Collection","fedex-regional-economy-dropoff_2308","FedEx Regional Economy®","FedEx Express","24.31",""
"outbound","IT","Italy","Rome","00184","built-in","Large letter 1kg 35x25x2","dropoff","Shop","dpd-pickup-air-express","DPD Drop Off Express","DPD","26.64",""
"outbound","IT","Italy","Rome","00184","built-in","Large letter 1kg 35x25x2","dropoff","Shop","parcelforce-euro-priority-drop-shop","Parcelforce Worldwide - Euro Economy Drop Shop","Parcelforce","30.33",""
"outbound","IT","Italy","Rome","00184","built-in","Large letter 1kg 35x25x2","collection","Collection","parcelforce-euro-priority","Parcelforce Worldwide - Euro Economy","Parcelforce","30.63",""
"outbound","IT","Italy","Rome","00184","built-in","Large letter 1kg 35x25x2","collection","Collection","dpd-air-express","DPD Air Express","DPD","32.82",""
"outbound","IT","Italy","Rome","00184","built-in","Large letter 1kg 35x25x2","collection","Collection","ups-dap-express","UPS Express®","UPS","32.87",""
"outbound","IT","Italy","Rome","00184","built-in","Large letter 1kg 35x25x2","dropoff","Shop","fedex-world-express-dropoff","FedEx International Priority® DropOff","FedEx Express","34.28",""
"outbound","IT","Italy","Rome","00184","built-in","Large letter 1kg 35x25x2","collection","Collection","dpd-air-classic","DPD Air Classic","DPD","36.64",""
"outbound","IT","Italy","Rome","00184","built-in","Large letter 1kg 35x25x2","collection","Collection","fedex-world-express","FedEx International Priority®","FedEx Express","37.76",""
"outbound","IT","Italy","Rome","00184","built-in","Large letter 1kg 35x25x2","dropoff","Shop","dpd-pickup-air-classic","DPD Drop Off International","DPD","43.50",""
"outbound","IT","Italy","Rome","00184","built-in","Small parcel 2kg 45x35x16","collection","Collection","dpd-classic-european","DPD Classic European","DPD","15.29",""
"outbound","IT","Italy","Rome","00184","built-in","Small parcel 2kg 45x35x16","dropoff","Shop","dpd-classic","DPD Drop Off Europe","DPD","16.01",""
"outbound","IT","Italy","Rome","00184","built-in","Small parcel 2kg 45x35x16","dropoff","Shop","royalmail-int-signed-mp-dropoff_2655","Royal Mail International Tracked Heavier","Royal Mail","18.10",""
"outbound","IT","Italy","Rome","00184","built-in","Small parcel 2kg 45x35x16","collection","Collection","royalmail-int-signed-collection_2611_2656","Royal Mail International Tracked Collection Heavier","Royal Mail","18.40",""
"outbound","IT","Italy","Rome","00184","built-in","Small parcel 2kg 45x35x16","dropoff","Shop","ups-access-point-dap-euro","UPS Standard™ – drop off","UPS Access Point","19.06",""
"outbound","IT","Italy","Rome","00184","built-in","Small parcel 2kg 45x35x16","collection","Collection","ups-dap-standard","UPS Standard®","UPS","21.21",""
"outbound","IT","Italy","Rome","00184","built-in","Small parcel 2kg 45x35x16","collection","Collection","fedex-world-express_2653","FedEx International Connect Plus","FedEx Express","26.26",""
"outbound","IT","Italy","Rome","00184","built-in","Small parcel 2kg 45x35x16","dropoff","Shop","fedex-world-express-dropoff_2633","FedEx International Connect Plus Drop Off","FedEx Express","26.69",""
"outbound","IT","Italy","Rome","00184","built-in","Small parcel 2kg 45x35x16","collection","Collection","fedex-regional-economy-dropoff_2308","FedEx Regional Economy®","FedEx Express","32.96",""
"outbound","IT","Italy","Rome","00184","built-in","Small parcel 2kg 45x35x16","dropoff","Shop","ups-access-point-dap-express","UPS Express Saver™ - drop off","UPS Access Point","33.21",""
"outbound","IT","Italy","Rome","00184","built-in","Small parcel 2kg 45x35x16","collection","Collection","ups-dap-express-saver","UPS Express Saver®","UPS","35.36",""
"outbound","IT","Italy","Rome","00184","built-in","Small parcel 2kg 45x35x16","dropoff","Shop","dpd-pickup-air-express","DPD Drop Off Express","DPD","49.58",""
"outbound","IT","Italy","Rome","00184","built-in","Small parcel 2kg 45x35x16","dropoff","Shop","parcelforce-euro-priority-drop-shop","Parcelforce Worldwide - Euro Economy Drop Shop","Parcelforce","49.70",""
"outbound","IT","Italy","Rome","00184","built-in","Small parcel 2kg 45x35x16","collection","Collection","parcelforce-euro-priority","Parcelforce Worldwide - Euro Economy","Parcelforce","50.00",""
"outbound","IT","Italy","Rome","00184","built-in","Small parcel 2kg 45x35x16","dropoff","Shop","dpd-pickup-air-classic","DPD Drop Off International","DPD","50.81",""
"outbound","IT","Italy","Rome","00184","built-in","Small parcel 2kg 45x35x16","collection","Collection","ups-dap-express","UPS Express®","UPS","50.95",""
"outbound","IT","Italy","Rome","00184","built-in","Small parcel 2kg 45x35x16","collection","Collection","dpd-air-express","DPD Air Express","DPD","55.37",""
"outbound","IT","Italy","Rome","00184","built-in","Small parcel 2kg 45x35x16","collection","Collection","dpd-air-classic","DPD Air Classic","DPD","65.72",""
"outbound","IT","Italy","Rome","00184","built-in","Small parcel 2kg 45x35x16","dropoff","Shop","fedex-world-express-dropoff","FedEx International Priority® DropOff","FedEx Express","66.73",""
"outbound","IT","Italy","Rome","00184","built-in","Small parcel 2kg 45x35x16","collection","Collection","fedex-world-express","FedEx International Priority®","FedEx Express","73.55",""
"outbound","IT","Italy","Rome","00184","built-in","Racket (tennis/badminton/squash) 1kg 70x30x8","collection","Collection","dpd-classic-european","DPD Classic European","DPD","15.29",""
"outbound","IT","Italy","Rome","00184","built-in","Racket (tennis/badminton/squash) 1kg 70x30x8","dropoff","Shop","ups-access-point-dap-euro","UPS Standard™ – drop off","UPS Access Point","16.49",""
"outbound","IT","Italy","Rome","00184","built-in","Racket (tennis/badminton/squash) 1kg 70x30x8","collection","Collection","ups-dap-standard","UPS Standard®","UPS","18.64",""
"outbound","IT","Italy","Rome","00184","built-in","Racket (tennis/badminton/squash) 1kg 70x30x8","dropoff","Shop","fedex-world-express-dropoff_2633","FedEx International Connect Plus Drop Off","FedEx Express","21.03",""
"outbound","IT","Italy","Rome","00184","built-in","Racket (tennis/badminton/squash) 1kg 70x30x8","collection","Collection","fedex-world-express_2653","FedEx International Connect Plus","FedEx Express","21.38",""
"outbound","IT","Italy","Rome","00184","built-in","Racket (tennis/badminton/squash) 1kg 70x30x8","dropoff","Shop","ups-access-point-dap-express","UPS Express Saver™ - drop off","UPS Access Point","22.48",""
"outbound","IT","Italy","Rome","00184","built-in","Racket (tennis/badminton/squash) 1kg 70x30x8","collection","Collection","ups-dap-express-saver","UPS Express Saver®","UPS","24.63",""
"outbound","IT","Italy","Rome","00184","built-in","Racket (tennis/badminton/squash) 1kg 70x30x8","collection","Collection","fedex-regional-economy-dropoff_2308","FedEx Regional Economy®","FedEx Express","27.61",""
"outbound","IT","Italy","Rome","00184","built-in","Racket (tennis/badminton/squash) 1kg 70x30x8","dropoff","Shop","parcelforce-euro-priority-drop-shop","Parcelforce Worldwide - Euro Economy Drop Shop","Parcelforce","41.08",""
"outbound","IT","Italy","Rome","00184","built-in","Racket (tennis/badminton/squash) 1kg 70x30x8","collection","Collection","parcelforce-euro-priority","Parcelforce Worldwide - Euro Economy","Parcelforce","41.38",""
"outbound","IT","Italy","Rome","00184","built-in","Racket (tennis/badminton/squash) 1kg 70x30x8","collection","Collection","ups-dap-express","UPS Express®","UPS","41.48",""
"outbound","IT","Italy","Rome","00184","built-in","Racket (tennis/badminton/squash) 1kg 70x30x8","collection","Collection","dpd-air-express","DPD Air Express","DPD","46.32",""
"outbound","IT","Italy","Rome","00184","built-in","Racket (tennis/badminton/squash) 1kg 70x30x8","dropoff","Shop","fedex-world-express-dropoff","FedEx International Priority® DropOff","FedEx Express","52.73",""
"outbound","IT","Italy","Rome","00184","built-in","Racket (tennis/badminton/squash) 1kg 70x30x8","collection","Collection","dpd-air-classic","DPD Air Classic","DPD","54.16",""
"outbound","IT","Italy","Rome","00184","built-in","Racket (tennis/badminton/squash) 1kg 70x30x8","collection","Collection","fedex-world-express","FedEx International Priority®","FedEx Express","58.02",""
"outbound","IT","Italy","Rome","00184","built-in","Bag / padel racket 2kg 80x35x15","collection","Collection","dpd-classic-european","DPD Classic European","DPD","15.29",""
"outbound","IT","Italy","Rome","00184","built-in","Bag / padel racket 2kg 80x35x15","dropoff","Shop","ups-access-point-dap-euro","UPS Standard™ – drop off","UPS Access Point","19.06",""
"outbound","IT","Italy","Rome","00184","built-in","Bag / padel racket 2kg 80x35x15","collection","Collection","ups-dap-standard","UPS Standard®","UPS","21.21",""
"outbound","IT","Italy","Rome","00184","built-in","Bag / padel racket 2kg 80x35x15","collection","Collection","fedex-world-express_2653","FedEx International Connect Plus","FedEx Express","32.59",""
"outbound","IT","Italy","Rome","00184","built-in","Bag / padel racket 2kg 80x35x15","dropoff","Shop","fedex-world-express-dropoff_2633","FedEx International Connect Plus Drop Off","FedEx Express","33.09",""
"outbound","IT","Italy","Rome","00184","built-in","Bag / padel racket 2kg 80x35x15","dropoff","Shop","ups-access-point-dap-express","UPS Express Saver™ - drop off","UPS Access Point","34.03",""
"outbound","IT","Italy","Rome","00184","built-in","Bag / padel racket 2kg 80x35x15","collection","Collection","ups-dap-express-saver","UPS Express Saver®","UPS","36.18",""
"outbound","IT","Italy","Rome","00184","built-in","Bag / padel racket 2kg 80x35x15","collection","Collection","fedex-regional-economy-dropoff_2308","FedEx Regional Economy®","FedEx Express","38.38",""
"outbound","IT","Italy","Rome","00184","built-in","Bag / padel racket 2kg 80x35x15","collection","Collection","ups-dap-express","UPS Express®","UPS","51.77",""
"outbound","IT","Italy","Rome","00184","built-in","Bag / padel racket 2kg 80x35x15","collection","Collection","parcelforce-euro-priority","Parcelforce Worldwide - Euro Economy","Parcelforce","59.13",""
"outbound","IT","Italy","Rome","00184","built-in","Bag / padel racket 2kg 80x35x15","dropoff","Shop","parcelforce-euro-priority-drop-shop","Parcelforce Worldwide - Euro Economy Drop Shop","Parcelforce","59.43",""
"outbound","IT","Italy","Rome","00184","built-in","Bag / padel racket 2kg 80x35x15","collection","Collection","dpd-air-express","DPD Air Express","DPD","68.86",""
"outbound","IT","Italy","Rome","00184","built-in","Bag / padel racket 2kg 80x35x15","collection","Collection","dpd-air-classic","DPD Air Classic","DPD","83.25",""
"outbound","IT","Italy","Rome","00184","built-in","Bag / padel racket 2kg 80x35x15","dropoff","Shop","fedex-world-express-dropoff","FedEx International Priority® DropOff","FedEx Express","91.18",""
"outbound","IT","Italy","Rome","00184","built-in","Bag / padel racket 2kg 80x35x15","collection","Collection","fedex-world-express","FedEx International Priority®","FedEx Express","100.46",""
"return","IT","Italy","Rome","00184","built-in","Large letter 1kg 35x25x2","","","","","","","No services returned"
"return","IT","Italy","Rome","00184","built-in","Small parcel 2kg 45x35x16","","","","","","","No services returned"
"return","IT","Italy","Rome","00184","built-in","Racket (tennis/badminton/squash) 1kg 70x30x8","","","","","","","No services returned"
"return","IT","Italy","Rome","00184","built-in","Bag / padel racket 2kg 80x35x15","","","","","","","No services returned"
"outbound","NL","Netherlands","Amsterdam","1012 JS","built-in","Large letter 1kg 35x25x2","dropoff","Shop","parcelforce-euro-priority-drop-shop","Parcelforce Worldwide - Euro Economy Drop Shop","Parcelforce","9.23",""
"outbound","NL","Netherlands","Amsterdam","1012 JS","built-in","Large letter 1kg 35x25x2","collection","Collection","parcelforce-euro-priority","Parcelforce Worldwide - Euro Economy","Parcelforce","9.53",""
"outbound","NL","Netherlands","Amsterdam","1012 JS","built-in","Large letter 1kg 35x25x2","collection","Collection","dpd-classic-european","DPD Classic European","DPD","11.82",""
"outbound","NL","Netherlands","Amsterdam","1012 JS","built-in","Large letter 1kg 35x25x2","dropoff","Shop","royalmail-int","Royal Mail International Tracked","Royal Mail","12.00",""
"outbound","NL","Netherlands","Amsterdam","1012 JS","built-in","Large letter 1kg 35x25x2","collection","Collection","royalmail-int-tracked-collection","Royal Mail International Tracked Collection","Royal Mail","12.30",""
"outbound","NL","Netherlands","Amsterdam","1012 JS","built-in","Large letter 1kg 35x25x2","dropoff","Shop","ups-access-point-dap-euro","UPS Standard™ – drop off","UPS Access Point","12.44",""
"outbound","NL","Netherlands","Amsterdam","1012 JS","built-in","Large letter 1kg 35x25x2","dropoff","Shop","dpd-classic","DPD Drop Off Europe","DPD","12.71",""
"outbound","NL","Netherlands","Amsterdam","1012 JS","built-in","Large letter 1kg 35x25x2","dropoff","Shop","royalmail-int-signed-mp-dropoff_2655","Royal Mail International Tracked Heavier","Royal Mail","13.50",""
"outbound","NL","Netherlands","Amsterdam","1012 JS","built-in","Large letter 1kg 35x25x2","collection","Collection","royalmail-int-signed-collection_2611_2656","Royal Mail International Tracked Collection Heavier","Royal Mail","13.80",""
"outbound","NL","Netherlands","Amsterdam","1012 JS","built-in","Large letter 1kg 35x25x2","dropoff","Shop","fedex-world-express-dropoff_2633","FedEx International Connect Plus Drop Off","FedEx Express","13.83",""
"outbound","NL","Netherlands","Amsterdam","1012 JS","built-in","Large letter 1kg 35x25x2","collection","Collection","ups-dap-standard","UPS Standard®","UPS","14.59",""
"outbound","NL","Netherlands","Amsterdam","1012 JS","built-in","Large letter 1kg 35x25x2","dropoff","Shop","ups-access-point-dap-express","UPS Express Saver™ - drop off","UPS Access Point","15.76",""
"outbound","NL","Netherlands","Amsterdam","1012 JS","built-in","Large letter 1kg 35x25x2","collection","Collection","fedex-world-express_2653","FedEx International Connect Plus","FedEx Express","15.81",""
"outbound","NL","Netherlands","Amsterdam","1012 JS","built-in","Large letter 1kg 35x25x2","collection","Collection","ups-dap-express-saver","UPS Express Saver®","UPS","17.91",""
"outbound","NL","Netherlands","Amsterdam","1012 JS","built-in","Large letter 1kg 35x25x2","collection","Collection","fedex-regional-economy-dropoff_2308","FedEx Regional Economy®","FedEx Express","19.41",""
"outbound","NL","Netherlands","Amsterdam","1012 JS","built-in","Large letter 1kg 35x25x2","dropoff","Shop","dpd-pickup-air-express","DPD Drop Off Express","DPD","26.40",""
"outbound","NL","Netherlands","Amsterdam","1012 JS","built-in","Large letter 1kg 35x25x2","collection","Collection","dpd-air-classic","DPD Air Classic","DPD","27.34",""
"outbound","NL","Netherlands","Amsterdam","1012 JS","built-in","Large letter 1kg 35x25x2","dropoff","Shop","dpd-pickup-air-classic","DPD Drop Off International","DPD","28.32",""
"outbound","NL","Netherlands","Amsterdam","1012 JS","built-in","Large letter 1kg 35x25x2","collection","Collection","dpd-air-express","DPD Air Express","DPD","30.24",""
"outbound","NL","Netherlands","Amsterdam","1012 JS","built-in","Large letter 1kg 35x25x2","collection","Collection","ups-dap-express","UPS Express®","UPS","30.62",""
"outbound","NL","Netherlands","Amsterdam","1012 JS","built-in","Large letter 1kg 35x25x2","dropoff","Shop","fedex-world-express-dropoff","FedEx International Priority® DropOff","FedEx Express","31.83",""
"outbound","NL","Netherlands","Amsterdam","1012 JS","built-in","Large letter 1kg 35x25x2","collection","Collection","fedex-world-express","FedEx International Priority®","FedEx Express","35.02",""
"outbound","NL","Netherlands","Amsterdam","1012 JS","built-in","Small parcel 2kg 45x35x16","collection","Collection","dpd-classic-european","DPD Classic European","DPD","11.82",""
"outbound","NL","Netherlands","Amsterdam","1012 JS","built-in","Small parcel 2kg 45x35x16","dropoff","Shop","dpd-classic","DPD Drop Off Europe","DPD","13.22",""
"outbound","NL","Netherlands","Amsterdam","1012 JS","built-in","Small parcel 2kg 45x35x16","dropoff","Shop","royalmail-int-signed-mp-dropoff_2655","Royal Mail International Tracked Heavier","Royal Mail","14.85",""
"outbound","NL","Netherlands","Amsterdam","1012 JS","built-in","Small parcel 2kg 45x35x16","collection","Collection","royalmail-int-signed-collection_2611_2656","Royal Mail International Tracked Collection Heavier","Royal Mail","15.15",""
"outbound","NL","Netherlands","Amsterdam","1012 JS","built-in","Small parcel 2kg 45x35x16","dropoff","Shop","ups-access-point-dap-euro","UPS Standard™ – drop off","UPS Access Point","18.06",""
"outbound","NL","Netherlands","Amsterdam","1012 JS","built-in","Small parcel 2kg 45x35x16","collection","Collection","ups-dap-standard","UPS Standard®","UPS","20.21",""
"outbound","NL","Netherlands","Amsterdam","1012 JS","built-in","Small parcel 2kg 45x35x16","dropoff","Shop","parcelforce-euro-priority-drop-shop","Parcelforce Worldwide - Euro Economy Drop Shop","Parcelforce","20.77",""
"outbound","NL","Netherlands","Amsterdam","1012 JS","built-in","Small parcel 2kg 45x35x16","collection","Collection","parcelforce-euro-priority","Parcelforce Worldwide - Euro Economy","Parcelforce","20.85",""
"outbound","NL","Netherlands","Amsterdam","1012 JS","built-in","Small parcel 2kg 45x35x16","collection","Collection","fedex-world-express_2653","FedEx International Connect Plus","FedEx Express","24.11",""
"outbound","NL","Netherlands","Amsterdam","1012 JS","built-in","Small parcel 2kg 45x35x16","dropoff","Shop","fedex-world-express-dropoff_2633","FedEx International Connect Plus Drop Off","FedEx Express","24.52",""
"outbound","NL","Netherlands","Amsterdam","1012 JS","built-in","Small parcel 2kg 45x35x16","dropoff","Shop","ups-access-point-dap-express","UPS Express Saver™ - drop off","UPS Access Point","25.91",""
"outbound","NL","Netherlands","Amsterdam","1012 JS","built-in","Small parcel 2kg 45x35x16","collection","Collection","ups-dap-express-saver","UPS Express Saver®","UPS","28.06",""
"outbound","NL","Netherlands","Amsterdam","1012 JS","built-in","Small parcel 2kg 45x35x16","collection","Collection","fedex-regional-economy-dropoff_2308","FedEx Regional Economy®","FedEx Express","29.28",""
"outbound","NL","Netherlands","Amsterdam","1012 JS","built-in","Small parcel 2kg 45x35x16","dropoff","Shop","dpd-pickup-air-classic","DPD Drop Off International","DPD","31.02",""
"outbound","NL","Netherlands","Amsterdam","1012 JS","built-in","Small parcel 2kg 45x35x16","collection","Collection","ups-dap-express","UPS Express®","UPS","42.03",""
"outbound","NL","Netherlands","Amsterdam","1012 JS","built-in","Small parcel 2kg 45x35x16","dropoff","Shop","dpd-pickup-air-express","DPD Drop Off Express","DPD","47.55",""
"outbound","NL","Netherlands","Amsterdam","1012 JS","built-in","Small parcel 2kg 45x35x16","collection","Collection","dpd-air-classic","DPD Air Classic","DPD","49.40",""
"outbound","NL","Netherlands","Amsterdam","1012 JS","built-in","Small parcel 2kg 45x35x16","collection","Collection","dpd-air-express","DPD Air Express","DPD","51.37",""
"outbound","NL","Netherlands","Amsterdam","1012 JS","built-in","Small parcel 2kg 45x35x16","dropoff","Shop","fedex-world-express-dropoff","FedEx International Priority® DropOff","FedEx Express","61.61",""
"outbound","NL","Netherlands","Amsterdam","1012 JS","built-in","Small parcel 2kg 45x35x16","collection","Collection","fedex-world-express","FedEx International Priority®","FedEx Express","67.82",""
"outbound","NL","Netherlands","Amsterdam","1012 JS","built-in","Racket (tennis/badminton/squash) 1kg 70x30x8","collection","Collection","dpd-classic-european","DPD Classic European","DPD","11.82",""
"outbound","NL","Netherlands","Amsterdam","1012 JS","built-in","Racket (tennis/badminton/squash) 1kg 70x30x8","dropoff","Shop","ups-access-point-dap-euro","UPS Standard™ – drop off","UPS Access Point","13.81",""
"outbound","NL","Netherlands","Amsterdam","1012 JS","built-in","Racket (tennis/badminton/squash) 1kg 70x30x8","dropoff","Shop","parcelforce-euro-priority-drop-shop","Parcelforce Worldwide - Euro Economy Drop Shop","Parcelforce","15.73",""
"outbound","NL","Netherlands","Amsterdam","1012 JS","built-in","Racket (tennis/badminton/squash) 1kg 70x30x8","collection","Collection","parcelforce-euro-priority","Parcelforce Worldwide - Euro Economy","Parcelforce","15.94",""
"outbound","NL","Netherlands","Amsterdam","1012 JS","built-in","Racket (tennis/badminton/squash) 1kg 70x30x8","collection","Collection","ups-dap-standard","UPS Standard®","UPS","15.96",""
"outbound","NL","Netherlands","Amsterdam","1012 JS","built-in","Racket (tennis/badminton/squash) 1kg 70x30x8","dropoff","Shop","ups-access-point-dap-express","UPS Express Saver™ - drop off","UPS Access Point","19.02",""
"outbound","NL","Netherlands","Amsterdam","1012 JS","built-in","Racket (tennis/badminton/squash) 1kg 70x30x8","dropoff","Shop","fedex-world-express-dropoff_2633","FedEx International Connect Plus Drop Off","FedEx Express","19.53",""
"outbound","NL","Netherlands","Amsterdam","1012 JS","built-in","Racket (tennis/badminton/squash) 1kg 70x30x8","collection","Collection","fedex-world-express_2653","FedEx International Connect Plus","FedEx Express","19.87",""
"outbound","NL","Netherlands","Amsterdam","1012 JS","built-in","Racket (tennis/badminton/squash) 1kg 70x30x8","collection","Collection","ups-dap-express-saver","UPS Express Saver®","UPS","21.17",""
"outbound","NL","Netherlands","Amsterdam","1012 JS","built-in","Racket (tennis/badminton/squash) 1kg 70x30x8","collection","Collection","fedex-regional-economy-dropoff_2308","FedEx Regional Economy®","FedEx Express","22.71",""
"outbound","NL","Netherlands","Amsterdam","1012 JS","built-in","Racket (tennis/badminton/squash) 1kg 70x30x8","collection","Collection","ups-dap-express","UPS Express®","UPS","33.87",""
"outbound","NL","Netherlands","Amsterdam","1012 JS","built-in","Racket (tennis/badminton/squash) 1kg 70x30x8","collection","Collection","dpd-air-classic","DPD Air Classic","DPD","40.54",""
"outbound","NL","Netherlands","Amsterdam","1012 JS","built-in","Racket (tennis/badminton/squash) 1kg 70x30x8","collection","Collection","dpd-air-express","DPD Air Express","DPD","42.93",""
"outbound","NL","Netherlands","Amsterdam","1012 JS","built-in","Racket (tennis/badminton/squash) 1kg 70x30x8","dropoff","Shop","fedex-world-express-dropoff","FedEx International Priority® DropOff","FedEx Express","48.67",""
"outbound","NL","Netherlands","Amsterdam","1012 JS","built-in","Racket (tennis/badminton/squash) 1kg 70x30x8","collection","Collection","fedex-world-express","FedEx International Priority®","FedEx Express","53.49",""
"outbound","NL","Netherlands","Amsterdam","1012 JS","built-in","Bag / padel racket 2kg 80x35x15","collection","Collection","dpd-classic-european","DPD Classic European","DPD","11.82",""
"outbound","NL","Netherlands","Amsterdam","1012 JS","built-in","Bag / padel racket 2kg 80x35x15","dropoff","Shop","ups-access-point-dap-euro","UPS Standard™ – drop off","UPS Access Point","18.06",""
"outbound","NL","Netherlands","Amsterdam","1012 JS","built-in","Bag / padel racket 2kg 80x35x15","collection","Collection","ups-dap-standard","UPS Standard®","UPS","20.21",""
"outbound","NL","Netherlands","Amsterdam","1012 JS","built-in","Bag / padel racket 2kg 80x35x15","dropoff","Shop","parcelforce-euro-priority-drop-shop","Parcelforce Worldwide - Euro Economy Drop Shop","Parcelforce","25.21",""
"outbound","NL","Netherlands","Amsterdam","1012 JS","built-in","Bag / padel racket 2kg 80x35x15","collection","Collection","parcelforce-euro-priority","Parcelforce Worldwide - Euro Economy","Parcelforce","25.51",""
"outbound","NL","Netherlands","Amsterdam","1012 JS","built-in","Bag / padel racket 2kg 80x35x15","dropoff","Shop","ups-access-point-dap-express","UPS Express Saver™ - drop off","UPS Access Point","26.73",""
"outbound","NL","Netherlands","Amsterdam","1012 JS","built-in","Bag / padel racket 2kg 80x35x15","dropoff","Shop","fedex-world-express-dropoff_2633","FedEx International Connect Plus Drop Off","FedEx Express","28.29",""
"outbound","NL","Netherlands","Amsterdam","1012 JS","built-in","Bag / padel racket 2kg 80x35x15","collection","Collection","fedex-world-express_2653","FedEx International Connect Plus","FedEx Express","28.31",""
"outbound","NL","Netherlands","Amsterdam","1012 JS","built-in","Bag / padel racket 2kg 80x35x15","collection","Collection","ups-dap-express-saver","UPS Express Saver®","UPS","28.88",""
"outbound","NL","Netherlands","Amsterdam","1012 JS","built-in","Bag / padel racket 2kg 80x35x15","collection","Collection","fedex-regional-economy-dropoff_2308","FedEx Regional Economy®","FedEx Express","34.81",""
"outbound","NL","Netherlands","Amsterdam","1012 JS","built-in","Bag / padel racket 2kg 80x35x15","collection","Collection","ups-dap-express","UPS Express®","UPS","42.85",""
"outbound","NL","Netherlands","Amsterdam","1012 JS","built-in","Bag / padel racket 2kg 80x35x15","collection","Collection","dpd-air-classic","DPD Air Classic","DPD","62.59",""
"outbound","NL","Netherlands","Amsterdam","1012 JS","built-in","Bag / padel racket 2kg 80x35x15","collection","Collection","dpd-air-express","DPD Air Express","DPD","64.07",""
"outbound","NL","Netherlands","Amsterdam","1012 JS","built-in","Bag / padel racket 2kg 80x35x15","dropoff","Shop","fedex-world-express-dropoff","FedEx International Priority® DropOff","FedEx Express","84.27",""
"outbound","NL","Netherlands","Amsterdam","1012 JS","built-in","Bag / padel racket 2kg 80x35x15","collection","Collection","fedex-world-express","FedEx International Priority®","FedEx Express","92.75",""
"return","NL","Netherlands","Amsterdam","1012 JS","built-in","Large letter 1kg 35x25x2","collection","Collection","mfb-fx-eco","FedEx International Economy","My Flying Box","115.07",""
"return","NL","Netherlands","Amsterdam","1012 JS","built-in","Small parcel 2kg 45x35x16","collection","Collection","mfb-fx-eco","FedEx International Economy","My Flying Box","183.68",""
"return","NL","Netherlands","Amsterdam","1012 JS","built-in","Racket (tennis/badminton/squash) 1kg 70x30x8","collection","Collection","mfb-fx-eco","FedEx International Economy","My Flying Box","158.68",""
"return","NL","Netherlands","Amsterdam","1012 JS","built-in","Bag / padel racket 2kg 80x35x15","collection","Collection","mfb-fx-eco","FedEx International Economy","My Flying Box","207.27",""
"outbound","BE","Belgium","Brussels","1000","built-in","Large letter 1kg 35x25x2","dropoff","Shop","parcelforce-euro-priority-drop-shop","Parcelforce Worldwide - Euro Economy Drop Shop","Parcelforce","11.50",""
"outbound","BE","Belgium","Brussels","1000","built-in","Large letter 1kg 35x25x2","collection","Collection","parcelforce-euro-priority","Parcelforce Worldwide - Euro Economy","Parcelforce","11.80",""
"outbound","BE","Belgium","Brussels","1000","built-in","Large letter 1kg 35x25x2","dropoff","Shop","ups-access-point-dap-euro","UPS Standard™ – drop off","UPS Access Point","12.44",""
"outbound","BE","Belgium","Brussels","1000","built-in","Large letter 1kg 35x25x2","dropoff","Shop","royalmail-int","Royal Mail International Tracked","Royal Mail","13.05",""
"outbound","BE","Belgium","Brussels","1000","built-in","Large letter 1kg 35x25x2","collection","Collection","royalmail-int-tracked-collection","Royal Mail International Tracked Collection","Royal Mail","13.35",""
"outbound","BE","Belgium","Brussels","1000","built-in","Large letter 1kg 35x25x2","dropoff","Shop","fedex-world-express-dropoff_2633","FedEx International Connect Plus Drop Off","FedEx Express","13.83",""
"outbound","BE","Belgium","Brussels","1000","built-in","Large letter 1kg 35x25x2","collection","Collection","ups-dap-standard","UPS Standard®","UPS","14.59",""
"outbound","BE","Belgium","Brussels","1000","built-in","Large letter 1kg 35x25x2","dropoff","Shop","royalmail-int-signed-mp-dropoff_2655","Royal Mail International Tracked Heavier","Royal Mail","14.70",""
"outbound","BE","Belgium","Brussels","1000","built-in","Large letter 1kg 35x25x2","collection","Collection","royalmail-int-signed-collection_2611_2656","Royal Mail International Tracked Collection Heavier","Royal Mail","15.00",""
"outbound","BE","Belgium","Brussels","1000","built-in","Large letter 1kg 35x25x2","dropoff","Shop","ups-access-point-dap-express","UPS Express Saver™ - drop off","UPS Access Point","15.76",""
"outbound","BE","Belgium","Brussels","1000","built-in","Large letter 1kg 35x25x2","collection","Collection","fedex-world-express_2653","FedEx International Connect Plus","FedEx Express","15.81",""
"outbound","BE","Belgium","Brussels","1000","built-in","Large letter 1kg 35x25x2","dropoff","Shop","dpd-int-tracked-mail-dropoff","DPD Lite","DPD","15.99",""
"outbound","BE","Belgium","Brussels","1000","built-in","Large letter 1kg 35x25x2","collection","Collection","ups-dap-express-saver","UPS Express Saver®","UPS","17.91",""
"outbound","BE","Belgium","Brussels","1000","built-in","Large letter 1kg 35x25x2","collection","Collection","fedex-regional-economy-dropoff_2308","FedEx Regional Economy®","FedEx Express","19.41",""
"outbound","BE","Belgium","Brussels","1000","built-in","Large letter 1kg 35x25x2","dropoff","Shop","dpd-pickup-air-express","DPD Drop Off Express","DPD","25.84",""
"outbound","BE","Belgium","Brussels","1000","built-in","Large letter 1kg 35x25x2","collection","Collection","dpd-air-express","DPD Air Express","DPD","28.42",""
"outbound","BE","Belgium","Brussels","1000","built-in","Large letter 1kg 35x25x2","collection","Collection","ups-dap-express","UPS Express®","UPS","30.62",""
"outbound","BE","Belgium","Brussels","1000","built-in","Large letter 1kg 35x25x2","dropoff","Shop","dpd-pickup-air-classic","DPD Drop Off International","DPD","31.58",""
"outbound","BE","Belgium","Brussels","1000","built-in","Large letter 1kg 35x25x2","dropoff","Shop","fedex-world-express-dropoff","FedEx International Priority® DropOff","FedEx Express","31.83",""
"outbound","BE","Belgium","Brussels","1000","built-in","Large letter 1kg 35x25x2","collection","Collection","fedex-world-express","FedEx International Priority®","FedEx Express","35.02",""
"outbound","BE","Belgium","Brussels","1000","built-in","Large letter 1kg 35x25x2","collection","Collection","dpd-air-classic","DPD Air Classic","DPD","39.13",""
"outbound","BE","Belgium","Brussels","1000","built-in","Small parcel 2kg 45x35x16","dropoff","Shop","royalmail-int-signed-mp-dropoff_2655","Royal Mail International Tracked Heavier","Royal Mail","17.55",""
"outbound","BE","Belgium","Brussels","1000","built-in","Small parcel 2kg 45x35x16","collection","Collection","royalmail-int-signed-collection_2611_2656","Royal Mail International Tracked Collection Heavier","Royal Mail","17.85",""
"outbound","BE","Belgium","Brussels","1000","built-in","Small parcel 2kg 45x35x16","dropoff","Shop","ups-access-point-dap-euro","UPS Standard™ – drop off","UPS Access Point","18.06",""
"outbound","BE","Belgium","Brussels","1000","built-in","Small parcel 2kg 45x35x16","collection","Collection","ups-dap-standard","UPS Standard®","UPS","20.21",""
"outbound","BE","Belgium","Brussels","1000","built-in","Small parcel 2kg 45x35x16","collection","Collection","fedex-world-express_2653","FedEx International Connect Plus","FedEx Express","24.11",""
"outbound","BE","Belgium","Brussels","1000","built-in","Small parcel 2kg 45x35x16","dropoff","Shop","fedex-world-express-dropoff_2633","FedEx International Connect Plus Drop Off","FedEx Express","24.52",""
"outbound","BE","Belgium","Brussels","1000","built-in","Small parcel 2kg 45x35x16","dropoff","Shop","parcelforce-euro-priority-drop-shop","Parcelforce Worldwide - Euro Economy Drop Shop","Parcelforce","25.58",""
"outbound","BE","Belgium","Brussels","1000","built-in","Small parcel 2kg 45x35x16","collection","Collection","parcelforce-euro-priority","Parcelforce Worldwide - Euro Economy","Parcelforce","25.83",""
"outbound","BE","Belgium","Brussels","1000","built-in","Small parcel 2kg 45x35x16","dropoff","Shop","ups-access-point-dap-express","UPS Express Saver™ - drop off","UPS Access Point","25.91",""
"outbound","BE","Belgium","Brussels","1000","built-in","Small parcel 2kg 45x35x16","collection","Collection","ups-dap-express-saver","UPS Express Saver®","UPS","28.06",""
"outbound","BE","Belgium","Brussels","1000","built-in","Small parcel 2kg 45x35x16","collection","Collection","fedex-regional-economy-dropoff_2308","FedEx Regional Economy®","FedEx Express","29.28",""
"outbound","BE","Belgium","Brussels","1000","built-in","Small parcel 2kg 45x35x16","dropoff","Shop","dpd-pickup-air-classic","DPD Drop Off International","DPD","34.27",""
"outbound","BE","Belgium","Brussels","1000","built-in","Small parcel 2kg 45x35x16","collection","Collection","ups-dap-express","UPS Express®","UPS","42.03",""
"outbound","BE","Belgium","Brussels","1000","built-in","Small parcel 2kg 45x35x16","dropoff","Shop","dpd-pickup-air-express","DPD Drop Off Express","DPD","46.76",""
"outbound","BE","Belgium","Brussels","1000","built-in","Small parcel 2kg 45x35x16","collection","Collection","dpd-air-express","DPD Air Express","DPD","48.33",""
"outbound","BE","Belgium","Brussels","1000","built-in","Small parcel 2kg 45x35x16","collection","Collection","dpd-air-classic","DPD Air Classic","DPD","57.30",""
"outbound","BE","Belgium","Brussels","1000","built-in","Small parcel 2kg 45x35x16","dropoff","Shop","fedex-world-express-dropoff","FedEx International Priority® DropOff","FedEx Express","63.72",""
"outbound","BE","Belgium","Brussels","1000","built-in","Small parcel 2kg 45x35x16","collection","Collection","fedex-world-express","FedEx International Priority®","FedEx Express","67.82",""
"outbound","BE","Belgium","Brussels","1000","built-in","Racket (tennis/badminton/squash) 1kg 70x30x8","dropoff","Shop","ups-access-point-dap-euro","UPS Standard™ – drop off","UPS Access Point","13.81",""
"outbound","BE","Belgium","Brussels","1000","built-in","Racket (tennis/badminton/squash) 1kg 70x30x8","collection","Collection","ups-dap-standard","UPS Standard®","UPS","15.96",""
"outbound","BE","Belgium","Brussels","1000","built-in","Racket (tennis/badminton/squash) 1kg 70x30x8","dropoff","Shop","ups-access-point-dap-express","UPS Express Saver™ - drop off","UPS Access Point","19.02",""
"outbound","BE","Belgium","Brussels","1000","built-in","Racket (tennis/badminton/squash) 1kg 70x30x8","dropoff","Shop","parcelforce-euro-priority-drop-shop","Parcelforce Worldwide - Euro Economy Drop Shop","Parcelforce","19.48",""
"outbound","BE","Belgium","Brussels","1000","built-in","Racket (tennis/badminton/squash) 1kg 70x30x8","dropoff","Shop","fedex-world-express-dropoff_2633","FedEx International Connect Plus Drop Off","FedEx Express","19.53",""
"outbound","BE","Belgium","Brussels","1000","built-in","Racket (tennis/badminton/squash) 1kg 70x30x8","collection","Collection","parcelforce-euro-priority","Parcelforce Worldwide - Euro Economy","Parcelforce","19.78",""
"outbound","BE","Belgium","Brussels","1000","built-in","Racket (tennis/badminton/squash) 1kg 70x30x8","collection","Collection","fedex-world-express_2653","FedEx International Connect Plus","FedEx Express","19.87",""
"outbound","BE","Belgium","Brussels","1000","built-in","Racket (tennis/badminton/squash) 1kg 70x30x8","collection","Collection","ups-dap-express-saver","UPS Express Saver®","UPS","21.17",""
"outbound","BE","Belgium","Brussels","1000","built-in","Racket (tennis/badminton/squash) 1kg 70x30x8","collection","Collection","fedex-regional-economy-dropoff_2308","FedEx Regional Economy®","FedEx Express","22.71",""
"outbound","BE","Belgium","Brussels","1000","built-in","Racket (tennis/badminton/squash) 1kg 70x30x8","collection","Collection","ups-dap-express","UPS Express®","UPS","33.87",""
"outbound","BE","Belgium","Brussels","1000","built-in","Racket (tennis/badminton/squash) 1kg 70x30x8","collection","Collection","dpd-air-express","DPD Air Express","DPD","40.35",""
"outbound","BE","Belgium","Brussels","1000","built-in","Racket (tennis/badminton/squash) 1kg 70x30x8","collection","Collection","dpd-air-classic","DPD Air Classic","DPD","50.05",""
"outbound","BE","Belgium","Brussels","1000","built-in","Racket (tennis/badminton/squash) 1kg 70x30x8","dropoff","Shop","fedex-world-express-dropoff","FedEx International Priority® DropOff","FedEx Express","50.59",""
"outbound","BE","Belgium","Brussels","1000","built-in","Racket (tennis/badminton/squash) 1kg 70x30x8","collection","Collection","fedex-world-express","FedEx International Priority®","FedEx Express","53.49",""
"outbound","BE","Belgium","Brussels","1000","built-in","Bag / padel racket 2kg 80x35x15","dropoff","Shop","ups-access-point-dap-euro","UPS Standard™ – drop off","UPS Access Point","18.06",""
"outbound","BE","Belgium","Brussels","1000","built-in","Bag / padel racket 2kg 80x35x15","collection","Collection","ups-dap-standard","UPS Standard®","UPS","20.21",""
"outbound","BE","Belgium","Brussels","1000","built-in","Bag / padel racket 2kg 80x35x15","dropoff","Shop","ups-access-point-dap-express","UPS Express Saver™ - drop off","UPS Access Point","26.73",""
"outbound","BE","Belgium","Brussels","1000","built-in","Bag / padel racket 2kg 80x35x15","dropoff","Shop","fedex-world-express-dropoff_2633","FedEx International Connect Plus Drop Off","FedEx Express","28.29",""
"outbound","BE","Belgium","Brussels","1000","built-in","Bag / padel racket 2kg 80x35x15","collection","Collection","fedex-world-express_2653","FedEx International Connect Plus","FedEx Express","28.31",""
"outbound","BE","Belgium","Brussels","1000","built-in","Bag / padel racket 2kg 80x35x15","collection","Collection","ups-dap-express-saver","UPS Express Saver®","UPS","28.88",""
"outbound","BE","Belgium","Brussels","1000","built-in","Bag / padel racket 2kg 80x35x15","dropoff","Shop","parcelforce-euro-priority-drop-shop","Parcelforce Worldwide - Euro Economy Drop Shop","Parcelforce","29.81",""
"outbound","BE","Belgium","Brussels","1000","built-in","Bag / padel racket 2kg 80x35x15","collection","Collection","parcelforce-euro-priority","Parcelforce Worldwide - Euro Economy","Parcelforce","30.11",""
"outbound","BE","Belgium","Brussels","1000","built-in","Bag / padel racket 2kg 80x35x15","collection","Collection","fedex-regional-economy-dropoff_2308","FedEx Regional Economy®","FedEx Express","34.81",""
"outbound","BE","Belgium","Brussels","1000","built-in","Bag / padel racket 2kg 80x35x15","collection","Collection","ups-dap-express","UPS Express®","UPS","42.85",""
"outbound","BE","Belgium","Brussels","1000","built-in","Bag / padel racket 2kg 80x35x15","collection","Collection","dpd-air-express","DPD Air Express","DPD","60.26",""
"outbound","BE","Belgium","Brussels","1000","built-in","Bag / padel racket 2kg 80x35x15","collection","Collection","dpd-air-classic","DPD Air Classic","DPD","68.22",""
"outbound","BE","Belgium","Brussels","1000","built-in","Bag / padel racket 2kg 80x35x15","dropoff","Shop","fedex-world-express-dropoff","FedEx International Priority® DropOff","FedEx Express","85.78",""
"outbound","BE","Belgium","Brussels","1000","built-in","Bag / padel racket 2kg 80x35x15","collection","Collection","fedex-world-express","FedEx International Priority®","FedEx Express","92.75",""
"return","BE","Belgium","Brussels","1000","built-in","Large letter 1kg 35x25x2","","","","","","","No services returned"
"return","BE","Belgium","Brussels","1000","built-in","Small parcel 2kg 45x35x16","","","","","","","No services returned"
"return","BE","Belgium","Brussels","1000","built-in","Racket (tennis/badminton/squash) 1kg 70x30x8","","","","","","","No services returned"
"return","BE","Belgium","Brussels","1000","built-in","Bag / padel racket 2kg 80x35x15","","","","","","","No services returned"
"outbound","PT","Portugal","Lisbon","1100-148","built-in","Large letter 1kg 35x25x2","dropoff","Shop","royalmail-int","Royal Mail International Tracked","Royal Mail","13.25",""
"outbound","PT","Portugal","Lisbon","1100-148","built-in","Large letter 1kg 35x25x2","collection","Collection","royalmail-int-tracked-collection","Royal Mail International Tracked Collection","Royal Mail","13.55",""
"outbound","PT","Portugal","Lisbon","1100-148","built-in","Large letter 1kg 35x25x2","dropoff","Shop","royalmail-int-signed-mp-dropoff_2655","Royal Mail International Tracked Heavier","Royal Mail","14.70",""
"outbound","PT","Portugal","Lisbon","1100-148","built-in","Large letter 1kg 35x25x2","collection","Collection","royalmail-int-signed-collection_2611_2656","Royal Mail International Tracked Collection Heavier","Royal Mail","15.00",""
"outbound","PT","Portugal","Lisbon","1100-148","built-in","Large letter 1kg 35x25x2","dropoff","Shop","ups-access-point-dap-euro","UPS Standard™ – drop off","UPS Access Point","15.38",""
"outbound","PT","Portugal","Lisbon","1100-148","built-in","Large letter 1kg 35x25x2","collection","Collection","ups-dap-standard","UPS Standard®","UPS","17.53",""
"outbound","PT","Portugal","Lisbon","1100-148","built-in","Large letter 1kg 35x25x2","dropoff","Shop","parcelforce-euro-priority-drop-shop","Parcelforce Worldwide - Euro Economy Drop Shop","Parcelforce","17.74",""
"outbound","PT","Portugal","Lisbon","1100-148","built-in","Large letter 1kg 35x25x2","collection","Collection","fedex-world-express_2653","FedEx International Connect Plus","FedEx Express","17.78",""
"outbound","PT","Portugal","Lisbon","1100-148","built-in","Large letter 1kg 35x25x2","dropoff","Shop","dpd-int-tracked-mail-dropoff","DPD Lite","DPD","18.79",""
"outbound","PT","Portugal","Lisbon","1100-148","built-in","Large letter 1kg 35x25x2","dropoff","Shop","ups-access-point-dap-express","UPS Express Saver™ - drop off","UPS Access Point","20.54",""
"outbound","PT","Portugal","Lisbon","1100-148","built-in","Large letter 1kg 35x25x2","collection","Collection","ups-dap-express-saver","UPS Express Saver®","UPS","22.69",""
"outbound","PT","Portugal","Lisbon","1100-148","built-in","Large letter 1kg 35x25x2","dropoff","Shop","fedex-world-economy-dropoff","FedEx International Economy® DropOff","FedEx Express","25.72",""
"outbound","PT","Portugal","Lisbon","1100-148","built-in","Large letter 1kg 35x25x2","dropoff","Shop","dpd-pickup-air-express","DPD Drop Off Express","DPD","28.60",""
"outbound","PT","Portugal","Lisbon","1100-148","built-in","Large letter 1kg 35x25x2","collection","Collection","ups-dap-express","UPS Express®","UPS","32.87",""
"outbound","PT","Portugal","Lisbon","1100-148","built-in","Large letter 1kg 35x25x2","collection","Collection","fedex-world-economy","FedEx International Economy®","FedEx Express","33.18",""
"outbound","PT","Portugal","Lisbon","1100-148","built-in","Large letter 1kg 35x25x2","collection","Collection","dpd-air-express","DPD Air Express","DPD","33.94",""
"outbound","PT","Portugal","Lisbon","1100-148","built-in","Large letter 1kg 35x25x2","dropoff","Shop","fedex-world-express-dropoff","FedEx International Priority® DropOff","FedEx Express","34.28",""
"outbound","PT","Portugal","Lisbon","1100-148","built-in","Large letter 1kg 35x25x2","collection","Collection","dpd-air-classic","DPD Air Classic","DPD","36.10",""
"outbound","PT","Portugal","Lisbon","1100-148","built-in","Large letter 1kg 35x25x2","collection","Collection","fedex-world-express","FedEx International Priority®","FedEx Express","37.76",""
"outbound","PT","Portugal","Lisbon","1100-148","built-in","Large letter 1kg 35x25x2","dropoff","Shop","dpd-pickup-air-classic","DPD Drop Off International","DPD","47.43",""
"outbound","PT","Portugal","Lisbon","1100-148","built-in","Small parcel 2kg 45x35x16","dropoff","Shop","royalmail-int-signed-mp-dropoff_2655","Royal Mail International Tracked Heavier","Royal Mail","17.55",""
"outbound","PT","Portugal","Lisbon","1100-148","built-in","Small parcel 2kg 45x35x16","collection","Collection","royalmail-int-signed-collection_2611_2656","Royal Mail International Tracked Collection Heavier","Royal Mail","17.85",""
"outbound","PT","Portugal","Lisbon","1100-148","built-in","Small parcel 2kg 45x35x16","dropoff","Shop","ups-access-point-dap-euro","UPS Standard™ – drop off","UPS Access Point","19.06",""
"outbound","PT","Portugal","Lisbon","1100-148","built-in","Small parcel 2kg 45x35x16","collection","Collection","ups-dap-standard","UPS Standard®","UPS","21.21",""
"outbound","PT","Portugal","Lisbon","1100-148","built-in","Small parcel 2kg 45x35x16","collection","Collection","fedex-world-express_2653","FedEx International Connect Plus","FedEx Express","26.26",""
"outbound","PT","Portugal","Lisbon","1100-148","built-in","Small parcel 2kg 45x35x16","dropoff","Shop","parcelforce-euro-priority-drop-shop","Parcelforce Worldwide - Euro Economy Drop Shop","Parcelforce","29.73",""
"outbound","PT","Portugal","Lisbon","1100-148","built-in","Small parcel 2kg 45x35x16","dropoff","Shop","fedex-world-economy-dropoff","FedEx International Economy® DropOff","FedEx Express","32.86",""
"outbound","PT","Portugal","Lisbon","1100-148","built-in","Small parcel 2kg 45x35x16","dropoff","Shop","ups-access-point-dap-express","UPS Express Saver™ - drop off","UPS Access Point","33.21",""
"outbound","PT","Portugal","Lisbon","1100-148","built-in","Small parcel 2kg 45x35x16","collection","Collection","ups-dap-express-saver","UPS Express Saver®","UPS","35.36",""
"outbound","PT","Portugal","Lisbon","1100-148","built-in","Small parcel 2kg 45x35x16","dropoff","Shop","dpd-pickup-air-classic","DPD Drop Off International","DPD","47.43",""
"outbound","PT","Portugal","Lisbon","1100-148","built-in","Small parcel 2kg 45x35x16","collection","Collection","fedex-world-economy","FedEx International Economy®","FedEx Express","50.28",""
"outbound","PT","Portugal","Lisbon","1100-148","built-in","Small parcel 2kg 45x35x16","dropoff","Shop","dpd-pickup-air-express","DPD Drop Off Express","DPD","50.28",""
"outbound","PT","Portugal","Lisbon","1100-148","built-in","Small parcel 2kg 45x35x16","collection","Collection","ups-dap-express","UPS Express®","UPS","50.95",""
"outbound","PT","Portugal","Lisbon","1100-148","built-in","Small parcel 2kg 45x35x16","collection","Collection","dpd-air-express","DPD Air Express","DPD","56.33",""
"outbound","PT","Portugal","Lisbon","1100-148","built-in","Small parcel 2kg 45x35x16","dropoff","Shop","fedex-world-express-dropoff","FedEx International Priority® DropOff","FedEx Express","68.97",""
"outbound","PT","Portugal","Lisbon","1100-148","built-in","Small parcel 2kg 45x35x16","collection","Collection","fedex-world-express","FedEx International Priority®","FedEx Express","76.00",""
"outbound","PT","Portugal","Lisbon","1100-148","built-in","Small parcel 2kg 45x35x16","collection","Collection","dpd-air-classic","DPD Air Classic","DPD","85.19",""
"outbound","PT","Portugal","Lisbon","1100-148","built-in","Racket (tennis/badminton/squash) 1kg 70x30x8","dropoff","Shop","ups-access-point-dap-euro","UPS Standard™ – drop off","UPS Access Point","16.49",""
"outbound","PT","Portugal","Lisbon","1100-148","built-in","Racket (tennis/badminton/squash) 1kg 70x30x8","collection","Collection","ups-dap-standard","UPS Standard®","UPS","18.64",""
"outbound","PT","Portugal","Lisbon","1100-148","built-in","Racket (tennis/badminton/squash) 1kg 70x30x8","collection","Collection","fedex-world-express_2653","FedEx International Connect Plus","FedEx Express","21.38",""
"outbound","PT","Portugal","Lisbon","1100-148","built-in","Racket (tennis/badminton/squash) 1kg 70x30x8","dropoff","Shop","ups-access-point-dap-express","UPS Express Saver™ - drop off","UPS Access Point","22.48",""
"outbound","PT","Portugal","Lisbon","1100-148","built-in","Racket (tennis/badminton/squash) 1kg 70x30x8","dropoff","Shop","parcelforce-euro-priority-drop-shop","Parcelforce Worldwide - Euro Economy Drop Shop","Parcelforce","24.63",""
"outbound","PT","Portugal","Lisbon","1100-148","built-in","Racket (tennis/badminton/squash) 1kg 70x30x8","collection","Collection","ups-dap-express-saver","UPS Express Saver®","UPS","24.63",""
"outbound","PT","Portugal","Lisbon","1100-148","built-in","Racket (tennis/badminton/squash) 1kg 70x30x8","dropoff","Shop","fedex-world-economy-dropoff","FedEx International Economy® DropOff","FedEx Express","29.17",""
"outbound","PT","Portugal","Lisbon","1100-148","built-in","Racket (tennis/badminton/squash) 1kg 70x30x8","collection","Collection","fedex-world-economy","FedEx International Economy®","FedEx Express","36.65",""
"outbound","PT","Portugal","Lisbon","1100-148","built-in","Racket (tennis/badminton/squash) 1kg 70x30x8","collection","Collection","ups-dap-express","UPS Express®","UPS","41.48",""
"outbound","PT","Portugal","Lisbon","1100-148","built-in","Racket (tennis/badminton/squash) 1kg 70x30x8","collection","Collection","dpd-air-express","DPD Air Express","DPD","47.56",""
"outbound","PT","Portugal","Lisbon","1100-148","built-in","Racket (tennis/badminton/squash) 1kg 70x30x8","dropoff","Shop","fedex-world-express-dropoff","FedEx International Priority® DropOff","FedEx Express","54.86",""
"outbound","PT","Portugal","Lisbon","1100-148","built-in","Racket (tennis/badminton/squash) 1kg 70x30x8","collection","Collection","fedex-world-express","FedEx International Priority®","FedEx Express","60.37",""
"outbound","PT","Portugal","Lisbon","1100-148","built-in","Racket (tennis/badminton/squash) 1kg 70x30x8","collection","Collection","dpd-air-classic","DPD Air Classic","DPD","65.62",""
"outbound","PT","Portugal","Lisbon","1100-148","built-in","Bag / padel racket 2kg 80x35x15","dropoff","Shop","ups-access-point-dap-euro","UPS Standard™ – drop off","UPS Access Point","19.06",""
"outbound","PT","Portugal","Lisbon","1100-148","built-in","Bag / padel racket 2kg 80x35x15","collection","Collection","ups-dap-standard","UPS Standard®","UPS","21.21",""
"outbound","PT","Portugal","Lisbon","1100-148","built-in","Bag / padel racket 2kg 80x35x15","collection","Collection","fedex-world-express_2653","FedEx International Connect Plus","FedEx Express","32.59",""
"outbound","PT","Portugal","Lisbon","1100-148","built-in","Bag / padel racket 2kg 80x35x15","dropoff","Shop","ups-access-point-dap-express","UPS Express Saver™ - drop off","UPS Access Point","34.03",""
"outbound","PT","Portugal","Lisbon","1100-148","built-in","Bag / padel racket 2kg 80x35x15","collection","Collection","ups-dap-express-saver","UPS Express Saver®","UPS","36.18",""
"outbound","PT","Portugal","Lisbon","1100-148","built-in","Bag / padel racket 2kg 80x35x15","dropoff","Shop","fedex-world-economy-dropoff","FedEx International Economy® DropOff","FedEx Express","39.14",""
"outbound","PT","Portugal","Lisbon","1100-148","built-in","Bag / padel racket 2kg 80x35x15","dropoff","Shop","parcelforce-euro-priority-drop-shop","Parcelforce Worldwide - Euro Economy Drop Shop","Parcelforce","39.23",""
"outbound","PT","Portugal","Lisbon","1100-148","built-in","Bag / padel racket 2kg 80x35x15","collection","Collection","ups-dap-express","UPS Express®","UPS","51.77",""
"outbound","PT","Portugal","Lisbon","1100-148","built-in","Bag / padel racket 2kg 80x35x15","collection","Collection","fedex-world-economy","FedEx International Economy®","FedEx Express","58.82",""
"outbound","PT","Portugal","Lisbon","1100-148","built-in","Bag / padel racket 2kg 80x35x15","collection","Collection","dpd-air-express","DPD Air Express","DPD","69.48",""
"outbound","PT","Portugal","Lisbon","1100-148","built-in","Bag / padel racket 2kg 80x35x15","dropoff","Shop","fedex-world-express-dropoff","FedEx International Priority® DropOff","FedEx Express","92.99",""
"outbound","PT","Portugal","Lisbon","1100-148","built-in","Bag / padel racket 2kg 80x35x15","collection","Collection","fedex-world-express","FedEx International Priority®","FedEx Express","102.45",""
"outbound","PT","Portugal","Lisbon","1100-148","built-in","Bag / padel racket 2kg 80x35x15","collection","Collection","dpd-air-classic","DPD Air Classic","DPD","114.60",""
"return","PT","Portugal","Lisbon","1100-148","built-in","Large letter 1kg 35x25x2","","","","","","","No services returned"
"return","PT","Portugal","Lisbon","1100-148","built-in","Small parcel 2kg 45x35x16","","","","","","","No services returned"
"return","PT","Portugal","Lisbon","1100-148","built-in","Racket (tennis/badminton/squash) 1kg 70x30x8","","","","","","","No services returned"
"return","PT","Portugal","Lisbon","1100-148","built-in","Bag / padel racket 2kg 80x35x15","","","","","","","No services returned"
"outbound","DK","Denmark","Copenhagen","1050","built-in","Large letter 1kg 35x25x2","dropoff","Shop","dpd-int-tracked-mail-dropoff","DPD Lite","DPD","14.19",""
"outbound","DK","Denmark","Copenhagen","1050","built-in","Large letter 1kg 35x25x2","dropoff","Shop","fedex-world-express-dropoff_2633","FedEx International Connect Plus Drop Off","FedEx Express","14.99",""
"outbound","DK","Denmark","Copenhagen","1050","built-in","Large letter 1kg 35x25x2","dropoff","Shop","ups-access-point-dap-euro","UPS Standard™ – drop off","UPS Access Point","15.38",""
"outbound","DK","Denmark","Copenhagen","1050","built-in","Large letter 1kg 35x25x2","collection","Collection","ups-dap-standard","UPS Standard®","UPS","17.53",""
"outbound","DK","Denmark","Copenhagen","1050","built-in","Large letter 1kg 35x25x2","collection","Collection","fedex-world-express_2653","FedEx International Connect Plus","FedEx Express","17.78",""
"outbound","DK","Denmark","Copenhagen","1050","built-in","Large letter 1kg 35x25x2","dropoff","Shop","ups-access-point-dap-express","UPS Express Saver™ - drop off","UPS Access Point","20.54",""
"outbound","DK","Denmark","Copenhagen","1050","built-in","Large letter 1kg 35x25x2","collection","Collection","ups-dap-express-saver","UPS Express Saver®","UPS","22.69",""
"outbound","DK","Denmark","Copenhagen","1050","built-in","Large letter 1kg 35x25x2","collection","Collection","fedex-regional-economy-dropoff_2308","FedEx Regional Economy®","FedEx Express","24.31",""
"outbound","DK","Denmark","Copenhagen","1050","built-in","Large letter 1kg 35x25x2","dropoff","Shop","dpd-pickup-air-classic","DPD Drop Off International","DPD","25.47",""
"outbound","DK","Denmark","Copenhagen","1050","built-in","Large letter 1kg 35x25x2","dropoff","Shop","fedex-world-economy-dropoff","FedEx International Economy® DropOff","FedEx Express","25.72",""
"outbound","DK","Denmark","Copenhagen","1050","built-in","Large letter 1kg 35x25x2","dropoff","Shop","dpd-pickup-air-express","DPD Drop Off Express","DPD","26.55",""
"outbound","DK","Denmark","Copenhagen","1050","built-in","Large letter 1kg 35x25x2","collection","Collection","ups-dap-express","UPS Express®","UPS","32.87",""
"outbound","DK","Denmark","Copenhagen","1050","built-in","Large letter 1kg 35x25x2","collection","Collection","fedex-world-economy","FedEx International Economy®","FedEx Express","33.18",""
"outbound","DK","Denmark","Copenhagen","1050","built-in","Large letter 1kg 35x25x2","dropoff","Shop","fedex-world-express-dropoff","FedEx International Priority® DropOff","FedEx Express","34.28",""
"outbound","DK","Denmark","Copenhagen","1050","built-in","Large letter 1kg 35x25x2","collection","Collection","fedex-world-express","FedEx International Priority®","FedEx Express","37.76",""
"outbound","DK","Denmark","Copenhagen","1050","built-in","Large letter 1kg 35x25x2","collection","Collection","dpd-air-classic","DPD Air Classic","DPD","41.19",""
"outbound","DK","Denmark","Copenhagen","1050","built-in","Large letter 1kg 35x25x2","collection","Collection","dpd-air-express","DPD Air Express","DPD","52.16",""
"outbound","DK","Denmark","Copenhagen","1050","built-in","Small parcel 2kg 45x35x16","dropoff","Shop","ups-access-point-dap-euro","UPS Standard™ – drop off","UPS Access Point","19.06",""
"outbound","DK","Denmark","Copenhagen","1050","built-in","Small parcel 2kg 45x35x16","collection","Collection","ups-dap-standard","UPS Standard®","UPS","21.21",""
"outbound","DK","Denmark","Copenhagen","1050","built-in","Small parcel 2kg 45x35x16","collection","Collection","fedex-world-express_2653","FedEx International Connect Plus","FedEx Express","26.26",""
"outbound","DK","Denmark","Copenhagen","1050","built-in","Small parcel 2kg 45x35x16","dropoff","Shop","fedex-world-express-dropoff_2633","FedEx International Connect Plus Drop Off","FedEx Express","26.69",""
"outbound","DK","Denmark","Copenhagen","1050","built-in","Small parcel 2kg 45x35x16","dropoff","Shop","fedex-world-economy-dropoff","FedEx International Economy® DropOff","FedEx Express","32.86",""
"outbound","DK","Denmark","Copenhagen","1050","built-in","Small parcel 2kg 45x35x16","dropoff","Shop","ups-access-point-dap-express","UPS Express Saver™ - drop off","UPS Access Point","33.21",""
"outbound","DK","Denmark","Copenhagen","1050","built-in","Small parcel 2kg 45x35x16","collection","Collection","fedex-regional-economy-dropoff_2308","FedEx Regional Economy®","FedEx Express","34.15",""
"outbound","DK","Denmark","Copenhagen","1050","built-in","Small parcel 2kg 45x35x16","collection","Collection","ups-dap-express-saver","UPS Express Saver®","UPS","35.36",""
"outbound","DK","Denmark","Copenhagen","1050","built-in","Small parcel 2kg 45x35x16","dropoff","Shop","dpd-pickup-air-classic","DPD Drop Off International","DPD","44.82",""
"outbound","DK","Denmark","Copenhagen","1050","built-in","Small parcel 2kg 45x35x16","dropoff","Shop","dpd-pickup-air-express","DPD Drop Off Express","DPD","48.71",""
"outbound","DK","Denmark","Copenhagen","1050","built-in","Small parcel 2kg 45x35x16","collection","Collection","fedex-world-economy","FedEx International Economy®","FedEx Express","50.28",""
"outbound","DK","Denmark","Copenhagen","1050","built-in","Small parcel 2kg 45x35x16","collection","Collection","ups-dap-express","UPS Express®","UPS","50.95",""
"outbound","DK","Denmark","Copenhagen","1050","built-in","Small parcel 2kg 45x35x16","collection","Collection","dpd-air-express","DPD Air Express","DPD","54.85",""
"outbound","DK","Denmark","Copenhagen","1050","built-in","Small parcel 2kg 45x35x16","collection","Collection","dpd-air-classic","DPD Air Classic","DPD","67.45",""
"outbound","DK","Denmark","Copenhagen","1050","built-in","Small parcel 2kg 45x35x16","dropoff","Shop","fedex-world-express-dropoff","FedEx International Priority® DropOff","FedEx Express","68.97",""
"outbound","DK","Denmark","Copenhagen","1050","built-in","Small parcel 2kg 45x35x16","collection","Collection","fedex-world-express","FedEx International Priority®","FedEx Express","76.00",""
"outbound","DK","Denmark","Copenhagen","1050","built-in","Racket (tennis/badminton/squash) 1kg 70x30x8","dropoff","Shop","ups-access-point-dap-euro","UPS Standard™ – drop off","UPS Access Point","16.49",""
"outbound","DK","Denmark","Copenhagen","1050","built-in","Racket (tennis/badminton/squash) 1kg 70x30x8","collection","Collection","ups-dap-standard","UPS Standard®","UPS","18.64",""
"outbound","DK","Denmark","Copenhagen","1050","built-in","Racket (tennis/badminton/squash) 1kg 70x30x8","dropoff","Shop","fedex-world-express-dropoff_2633","FedEx International Connect Plus Drop Off","FedEx Express","21.03",""
"outbound","DK","Denmark","Copenhagen","1050","built-in","Racket (tennis/badminton/squash) 1kg 70x30x8","collection","Collection","fedex-world-express_2653","FedEx International Connect Plus","FedEx Express","21.38",""
"outbound","DK","Denmark","Copenhagen","1050","built-in","Racket (tennis/badminton/squash) 1kg 70x30x8","dropoff","Shop","ups-access-point-dap-express","UPS Express Saver™ - drop off","UPS Access Point","22.48",""
"outbound","DK","Denmark","Copenhagen","1050","built-in","Racket (tennis/badminton/squash) 1kg 70x30x8","collection","Collection","ups-dap-express-saver","UPS Express Saver®","UPS","24.63",""
"outbound","DK","Denmark","Copenhagen","1050","built-in","Racket (tennis/badminton/squash) 1kg 70x30x8","collection","Collection","fedex-regional-economy-dropoff_2308","FedEx Regional Economy®","FedEx Express","27.61",""
"outbound","DK","Denmark","Copenhagen","1050","built-in","Racket (tennis/badminton/squash) 1kg 70x30x8","dropoff","Shop","fedex-world-economy-dropoff","FedEx International Economy® DropOff","FedEx Express","29.17",""
"outbound","DK","Denmark","Copenhagen","1050","built-in","Racket (tennis/badminton/squash) 1kg 70x30x8","collection","Collection","fedex-world-economy","FedEx International Economy®","FedEx Express","36.65",""
"outbound","DK","Denmark","Copenhagen","1050","built-in","Racket (tennis/badminton/squash) 1kg 70x30x8","collection","Collection","ups-dap-express","UPS Express®","UPS","41.48",""
"outbound","DK","Denmark","Copenhagen","1050","built-in","Racket (tennis/badminton/squash) 1kg 70x30x8","collection","Collection","dpd-air-express","DPD Air Express","DPD","53.73",""
"outbound","DK","Denmark","Copenhagen","1050","built-in","Racket (tennis/badminton/squash) 1kg 70x30x8","dropoff","Shop","fedex-world-express-dropoff","FedEx International Priority® DropOff","FedEx Express","54.86",""
"outbound","DK","Denmark","Copenhagen","1050","built-in","Racket (tennis/badminton/squash) 1kg 70x30x8","collection","Collection","dpd-air-classic","DPD Air Classic","DPD","56.97",""
"outbound","DK","Denmark","Copenhagen","1050","built-in","Racket (tennis/badminton/squash) 1kg 70x30x8","collection","Collection","fedex-world-express","FedEx International Priority®","FedEx Express","60.37",""
"outbound","DK","Denmark","Copenhagen","1050","built-in","Bag / padel racket 2kg 80x35x15","dropoff","Shop","ups-access-point-dap-euro","UPS Standard™ – drop off","UPS Access Point","19.06",""
"outbound","DK","Denmark","Copenhagen","1050","built-in","Bag / padel racket 2kg 80x35x15","collection","Collection","ups-dap-standard","UPS Standard®","UPS","21.21",""
"outbound","DK","Denmark","Copenhagen","1050","built-in","Bag / padel racket 2kg 80x35x15","collection","Collection","fedex-world-express_2653","FedEx International Connect Plus","FedEx Express","32.59",""
"outbound","DK","Denmark","Copenhagen","1050","built-in","Bag / padel racket 2kg 80x35x15","dropoff","Shop","fedex-world-express-dropoff_2633","FedEx International Connect Plus Drop Off","FedEx Express","33.09",""
"outbound","DK","Denmark","Copenhagen","1050","built-in","Bag / padel racket 2kg 80x35x15","dropoff","Shop","ups-access-point-dap-express","UPS Express Saver™ - drop off","UPS Access Point","34.03",""
"outbound","DK","Denmark","Copenhagen","1050","built-in","Bag / padel racket 2kg 80x35x15","collection","Collection","ups-dap-express-saver","UPS Express Saver®","UPS","36.18",""
"outbound","DK","Denmark","Copenhagen","1050","built-in","Bag / padel racket 2kg 80x35x15","dropoff","Shop","fedex-world-economy-dropoff","FedEx International Economy® DropOff","FedEx Express","39.14",""
"outbound","DK","Denmark","Copenhagen","1050","built-in","Bag / padel racket 2kg 80x35x15","collection","Collection","fedex-regional-economy-dropoff_2308","FedEx Regional Economy®","FedEx Express","40.50",""
"outbound","DK","Denmark","Copenhagen","1050","built-in","Bag / padel racket 2kg 80x35x15","collection","Collection","ups-dap-express","UPS Express®","UPS","51.77",""
"outbound","DK","Denmark","Copenhagen","1050","built-in","Bag / padel racket 2kg 80x35x15","collection","Collection","dpd-air-express","DPD Air Express","DPD","56.43",""
"outbound","DK","Denmark","Copenhagen","1050","built-in","Bag / padel racket 2kg 80x35x15","collection","Collection","fedex-world-economy","FedEx International Economy®","FedEx Express","58.82",""
"outbound","DK","Denmark","Copenhagen","1050","built-in","Bag / padel racket 2kg 80x35x15","collection","Collection","dpd-air-classic","DPD Air Classic","DPD","83.25",""
"outbound","DK","Denmark","Copenhagen","1050","built-in","Bag / padel racket 2kg 80x35x15","dropoff","Shop","fedex-world-express-dropoff","FedEx International Priority® DropOff","FedEx Express","92.99",""
"outbound","DK","Denmark","Copenhagen","1050","built-in","Bag / padel racket 2kg 80x35x15","collection","Collection","fedex-world-express","FedEx International Priority®","FedEx Express","102.45",""
"return","DK","Denmark","Copenhagen","1050","built-in","Large letter 1kg 35x25x2","collection","Collection","mfb-fx-eco","FedEx International Economy","My Flying Box","141.59",""
"return","DK","Denmark","Copenhagen","1050","built-in","Small parcel 2kg 45x35x16","collection","Collection","mfb-fx-eco","FedEx International Economy","My Flying Box","243.26",""
"return","DK","Denmark","Copenhagen","1050","built-in","Racket (tennis/badminton/squash) 1kg 70x30x8","collection","Collection","mfb-fx-eco","FedEx International Economy","My Flying Box","214.98",""
"return","DK","Denmark","Copenhagen","1050","built-in","Bag / padel racket 2kg 80x35x15","collection","Collection","mfb-fx-eco","FedEx International Economy","My Flying Box","285.71",""
"outbound","SE","Sweden","Stockholm","111 29","built-in","Large letter 1kg 35x25x2","dropoff","Shop","royalmail-int-signed-mp-dropoff_2655_2806","Royal Mail International Tracked Heavier","Royal Mail","14.15",""
"outbound","SE","Sweden","Stockholm","111 29","built-in","Large letter 1kg 35x25x2","collection","Collection","royalmail-int-signed-collection_2611_2656_2807","Royal Mail International Tracked Collection Heavier","Royal Mail","14.45",""
"outbound","SE","Sweden","Stockholm","111 29","built-in","Large letter 1kg 35x25x2","dropoff","Shop","fedex-world-express-dropoff_2633","FedEx International Connect Plus Drop Off","FedEx Express","14.99",""
"outbound","SE","Sweden","Stockholm","111 29","built-in","Large letter 1kg 35x25x2","dropoff","Shop","parcelforce-global-priority-drop-shop","Parcelforce - Global Priority Drop Shop","Parcelforce","15.11",""
"outbound","SE","Sweden","Stockholm","111 29","built-in","Large letter 1kg 35x25x2","dropoff","Shop","ups-access-point-dap-euro","UPS Standard™ – drop off","UPS Access Point","15.38",""
"outbound","SE","Sweden","Stockholm","111 29","built-in","Large letter 1kg 35x25x2","collection","Collection","parcelforce-global-priority","Parcelforce Worldwide - Global Priority","Parcelforce","15.41",""
"outbound","SE","Sweden","Stockholm","111 29","built-in","Large letter 1kg 35x25x2","dropoff","Shop","dpd-int-tracked-mail-dropoff","DPD Lite","DPD","16.79",""
"outbound","SE","Sweden","Stockholm","111 29","built-in","Large letter 1kg 35x25x2","collection","Collection","ups-dap-standard","UPS Standard®","UPS","17.53",""
"outbound","SE","Sweden","Stockholm","111 29","built-in","Large letter 1kg 35x25x2","collection","Collection","fedex-world-express_2653","FedEx International Connect Plus","FedEx Express","17.78",""
"outbound","SE","Sweden","Stockholm","111 29","built-in","Large letter 1kg 35x25x2","dropoff","Shop","ups-access-point-dap-express","UPS Express Saver™ - drop off","UPS Access Point","20.54",""
"outbound","SE","Sweden","Stockholm","111 29","built-in","Large letter 1kg 35x25x2","collection","Collection","ups-dap-express-saver","UPS Express Saver®","UPS","22.69",""
"outbound","SE","Sweden","Stockholm","111 29","built-in","Large letter 1kg 35x25x2","collection","Collection","fedex-regional-economy-dropoff_2308","FedEx Regional Economy®","FedEx Express","24.31",""
"outbound","SE","Sweden","Stockholm","111 29","built-in","Large letter 1kg 35x25x2","dropoff","Shop","fedex-world-economy-dropoff","FedEx International Economy® DropOff","FedEx Express","25.72",""
"outbound","SE","Sweden","Stockholm","111 29","built-in","Large letter 1kg 35x25x2","dropoff","Shop","dpd-pickup-air-express","DPD Drop Off Express","DPD","28.60",""
"outbound","SE","Sweden","Stockholm","111 29","built-in","Large letter 1kg 35x25x2","collection","Collection","ups-dap-express","UPS Express®","UPS","32.87",""
"outbound","SE","Sweden","Stockholm","111 29","built-in","Large letter 1kg 35x25x2","collection","Collection","fedex-world-economy","FedEx International Economy®","FedEx Express","33.18",""
"outbound","SE","Sweden","Stockholm","111 29","built-in","Large letter 1kg 35x25x2","dropoff","Shop","fedex-world-express-dropoff","FedEx International Priority® DropOff","FedEx Express","34.28",""
"outbound","SE","Sweden","Stockholm","111 29","built-in","Large letter 1kg 35x25x2","collection","Collection","dpd-air-express","DPD Air Express","DPD","34.79",""
"outbound","SE","Sweden","Stockholm","111 29","built-in","Large letter 1kg 35x25x2","collection","Collection","fedex-world-express","FedEx International Priority®","FedEx Express","37.76",""
"outbound","SE","Sweden","Stockholm","111 29","built-in","Large letter 1kg 35x25x2","collection","Collection","dpd-air-classic","DPD Air Classic","DPD","40.42",""
"outbound","SE","Sweden","Stockholm","111 29","built-in","Large letter 1kg 35x25x2","dropoff","Shop","dpd-pickup-air-classic","DPD Drop Off International","DPD","47.07",""
"outbound","SE","Sweden","Stockholm","111 29","built-in","Small parcel 2kg 45x35x16","dropoff","Shop","royalmail-int-signed-mp-dropoff_2655_2806","Royal Mail International Tracked Heavier","Royal Mail","17.25",""
"outbound","SE","Sweden","Stockholm","111 29","built-in","Small parcel 2kg 45x35x16","collection","Collection","royalmail-int-signed-collection_2611_2656_2807","Royal Mail International Tracked Collection Heavier","Royal Mail","17.55",""
"outbound","SE","Sweden","Stockholm","111 29","built-in","Small parcel 2kg 45x35x16","dropoff","Shop","ups-access-point-dap-euro","UPS Standard™ – drop off","UPS Access Point","19.06",""
"outbound","SE","Sweden","Stockholm","111 29","built-in","Small parcel 2kg 45x35x16","collection","Collection","ups-dap-standard","UPS Standard®","UPS","21.21",""
"outbound","SE","Sweden","Stockholm","111 29","built-in","Small parcel 2kg 45x35x16","collection","Collection","fedex-world-express_2653","FedEx International Connect Plus","FedEx Express","26.26",""
"outbound","SE","Sweden","Stockholm","111 29","built-in","Small parcel 2kg 45x35x16","dropoff","Shop","fedex-world-express-dropoff_2633","FedEx International Connect Plus Drop Off","FedEx Express","26.69",""
"outbound","SE","Sweden","Stockholm","111 29","built-in","Small parcel 2kg 45x35x16","dropoff","Shop","parcelforce-global-priority-drop-shop","Parcelforce - Global Priority Drop Shop","Parcelforce","28.36",""
"outbound","SE","Sweden","Stockholm","111 29","built-in","Small parcel 2kg 45x35x16","collection","Collection","parcelforce-global-priority","Parcelforce Worldwide - Global Priority","Parcelforce","28.66",""
"outbound","SE","Sweden","Stockholm","111 29","built-in","Small parcel 2kg 45x35x16","dropoff","Shop","fedex-world-economy-dropoff","FedEx International Economy® DropOff","FedEx Express","32.86",""
"outbound","SE","Sweden","Stockholm","111 29","built-in","Small parcel 2kg 45x35x16","dropoff","Shop","ups-access-point-dap-express","UPS Express Saver™ - drop off","UPS Access Point","33.21",""
"outbound","SE","Sweden","Stockholm","111 29","built-in","Small parcel 2kg 45x35x16","collection","Collection","fedex-regional-economy-dropoff_2308","FedEx Regional Economy®","FedEx Express","34.15",""
"outbound","SE","Sweden","Stockholm","111 29","built-in","Small parcel 2kg 45x35x16","collection","Collection","ups-dap-express-saver","UPS Express Saver®","UPS","35.36",""
"outbound","SE","Sweden","Stockholm","111 29","built-in","Small parcel 2kg 45x35x16","dropoff","Shop","dpd-pickup-air-classic","DPD Drop Off International","DPD","47.07",""
"outbound","SE","Sweden","Stockholm","111 29","built-in","Small parcel 2kg 45x35x16","collection","Collection","fedex-world-economy","FedEx International Economy®","FedEx Express","50.28",""
"outbound","SE","Sweden","Stockholm","111 29","built-in","Small parcel 2kg 45x35x16","collection","Collection","ups-dap-express","UPS Express®","UPS","50.95",""
"outbound","SE","Sweden","Stockholm","111 29","built-in","Small parcel 2kg 45x35x16","dropoff","Shop","dpd-pickup-air-express","DPD Drop Off Express","DPD","51.31",""
"outbound","SE","Sweden","Stockholm","111 29","built-in","Small parcel 2kg 45x35x16","collection","Collection","dpd-air-express","DPD Air Express","DPD","58.07",""
"outbound","SE","Sweden","Stockholm","111 29","built-in","Small parcel 2kg 45x35x16","dropoff","Shop","fedex-world-express-dropoff","FedEx International Priority® DropOff","FedEx Express","68.97",""
"outbound","SE","Sweden","Stockholm","111 29","built-in","Small parcel 2kg 45x35x16","collection","Collection","dpd-air-classic","DPD Air Classic","DPD","70.81",""
"outbound","SE","Sweden","Stockholm","111 29","built-in","Small parcel 2kg 45x35x16","collection","Collection","fedex-world-express","FedEx International Priority®","FedEx Express","73.55",""
"outbound","SE","Sweden","Stockholm","111 29","built-in","Racket (tennis/badminton/squash) 1kg 70x30x8","dropoff","Shop","ups-access-point-dap-euro","UPS Standard™ – drop off","UPS Access Point","16.49",""
"outbound","SE","Sweden","Stockholm","111 29","built-in","Racket (tennis/badminton/squash) 1kg 70x30x8","collection","Collection","ups-dap-standard","UPS Standard®","UPS","18.64",""
"outbound","SE","Sweden","Stockholm","111 29","built-in","Racket (tennis/badminton/squash) 1kg 70x30x8","dropoff","Shop","fedex-world-express-dropoff_2633","FedEx International Connect Plus Drop Off","FedEx Express","21.03",""
"outbound","SE","Sweden","Stockholm","111 29","built-in","Racket (tennis/badminton/squash) 1kg 70x30x8","collection","Collection","fedex-world-express_2653","FedEx International Connect Plus","FedEx Express","21.38",""
"outbound","SE","Sweden","Stockholm","111 29","built-in","Racket (tennis/badminton/squash) 1kg 70x30x8","dropoff","Shop","ups-access-point-dap-express","UPS Express Saver™ - drop off","UPS Access Point","22.48",""
"outbound","SE","Sweden","Stockholm","111 29","built-in","Racket (tennis/badminton/squash) 1kg 70x30x8","dropoff","Shop","parcelforce-global-priority-drop-shop","Parcelforce - Global Priority Drop Shop","Parcelforce","23.49",""
"outbound","SE","Sweden","Stockholm","111 29","built-in","Racket (tennis/badminton/squash) 1kg 70x30x8","collection","Collection","parcelforce-global-priority","Parcelforce Worldwide - Global Priority","Parcelforce","23.79",""
"outbound","SE","Sweden","Stockholm","111 29","built-in","Racket (tennis/badminton/squash) 1kg 70x30x8","collection","Collection","ups-dap-express-saver","UPS Express Saver®","UPS","24.63",""
"outbound","SE","Sweden","Stockholm","111 29","built-in","Racket (tennis/badminton/squash) 1kg 70x30x8","collection","Collection","fedex-regional-economy-dropoff_2308","FedEx Regional Economy®","FedEx Express","27.61",""
"outbound","SE","Sweden","Stockholm","111 29","built-in","Racket (tennis/badminton/squash) 1kg 70x30x8","dropoff","Shop","fedex-world-economy-dropoff","FedEx International Economy® DropOff","FedEx Express","29.17",""
"outbound","SE","Sweden","Stockholm","111 29","built-in","Racket (tennis/badminton/squash) 1kg 70x30x8","collection","Collection","fedex-world-economy","FedEx International Economy®","FedEx Express","36.65",""
"outbound","SE","Sweden","Stockholm","111 29","built-in","Racket (tennis/badminton/squash) 1kg 70x30x8","collection","Collection","ups-dap-express","UPS Express®","UPS","41.48",""
"outbound","SE","Sweden","Stockholm","111 29","built-in","Racket (tennis/badminton/squash) 1kg 70x30x8","collection","Collection","dpd-air-express","DPD Air Express","DPD","48.80",""
"outbound","SE","Sweden","Stockholm","111 29","built-in","Racket (tennis/badminton/squash) 1kg 70x30x8","dropoff","Shop","fedex-world-express-dropoff","FedEx International Priority® DropOff","FedEx Express","52.73",""
"outbound","SE","Sweden","Stockholm","111 29","built-in","Racket (tennis/badminton/squash) 1kg 70x30x8","collection","Collection","fedex-world-express","FedEx International Priority®","FedEx Express","58.02",""
"outbound","SE","Sweden","Stockholm","111 29","built-in","Racket (tennis/badminton/squash) 1kg 70x30x8","collection","Collection","dpd-air-classic","DPD Air Classic","DPD","58.70",""
"outbound","SE","Sweden","Stockholm","111 29","built-in","Bag / padel racket 2kg 80x35x15","dropoff","Shop","ups-access-point-dap-euro","UPS Standard™ – drop off","UPS Access Point","19.06",""
"outbound","SE","Sweden","Stockholm","111 29","built-in","Bag / padel racket 2kg 80x35x15","collection","Collection","ups-dap-standard","UPS Standard®","UPS","21.21",""
"outbound","SE","Sweden","Stockholm","111 29","built-in","Bag / padel racket 2kg 80x35x15","collection","Collection","fedex-world-express_2653","FedEx International Connect Plus","FedEx Express","32.59",""
"outbound","SE","Sweden","Stockholm","111 29","built-in","Bag / padel racket 2kg 80x35x15","dropoff","Shop","fedex-world-express-dropoff_2633","FedEx International Connect Plus Drop Off","FedEx Express","33.09",""
"outbound","SE","Sweden","Stockholm","111 29","built-in","Bag / padel racket 2kg 80x35x15","dropoff","Shop","ups-access-point-dap-express","UPS Express Saver™ - drop off","UPS Access Point","34.03",""
"outbound","SE","Sweden","Stockholm","111 29","built-in","Bag / padel racket 2kg 80x35x15","dropoff","Shop","parcelforce-global-priority-drop-shop","Parcelforce - Global Priority Drop Shop","Parcelforce","34.85",""
"outbound","SE","Sweden","Stockholm","111 29","built-in","Bag / padel racket 2kg 80x35x15","collection","Collection","parcelforce-global-priority","Parcelforce Worldwide - Global Priority","Parcelforce","35.15",""
"outbound","SE","Sweden","Stockholm","111 29","built-in","Bag / padel racket 2kg 80x35x15","collection","Collection","ups-dap-express-saver","UPS Express Saver®","UPS","36.18",""
"outbound","SE","Sweden","Stockholm","111 29","built-in","Bag / padel racket 2kg 80x35x15","dropoff","Shop","fedex-world-economy-dropoff","FedEx International Economy® DropOff","FedEx Express","39.14",""
"outbound","SE","Sweden","Stockholm","111 29","built-in","Bag / padel racket 2kg 80x35x15","collection","Collection","fedex-regional-economy-dropoff_2308","FedEx Regional Economy®","FedEx Express","40.50",""
"outbound","SE","Sweden","Stockholm","111 29","built-in","Bag / padel racket 2kg 80x35x15","collection","Collection","ups-dap-express","UPS Express®","UPS","51.77",""
"outbound","SE","Sweden","Stockholm","111 29","built-in","Bag / padel racket 2kg 80x35x15","collection","Collection","fedex-world-economy","FedEx International Economy®","FedEx Express","58.82",""
"outbound","SE","Sweden","Stockholm","111 29","built-in","Bag / padel racket 2kg 80x35x15","collection","Collection","dpd-air-express","DPD Air Express","DPD","72.01",""
"outbound","SE","Sweden","Stockholm","111 29","built-in","Bag / padel racket 2kg 80x35x15","collection","Collection","dpd-air-classic","DPD Air Classic","DPD","89.08",""
"outbound","SE","Sweden","Stockholm","111 29","built-in","Bag / padel racket 2kg 80x35x15","dropoff","Shop","fedex-world-express-dropoff","FedEx International Priority® DropOff","FedEx Express","92.99",""
"outbound","SE","Sweden","Stockholm","111 29","built-in","Bag / padel racket 2kg 80x35x15","collection","Collection","fedex-world-express","FedEx International Priority®","FedEx Express","100.46",""
"return","SE","Sweden","Stockholm","111 29","built-in","Large letter 1kg 35x25x2","","","","","","","No services returned"
"return","SE","Sweden","Stockholm","111 29","built-in","Small parcel 2kg 45x35x16","","","","","","","No services returned"
"return","SE","Sweden","Stockholm","111 29","built-in","Racket (tennis/badminton/squash) 1kg 70x30x8","","","","","","","No services returned"
"return","SE","Sweden","Stockholm","111 29","built-in","Bag / padel racket 2kg 80x35x15","","","","","","","No services returned"
"outbound","NO","Norway","Oslo","0150","built-in","Large letter 1kg 35x25x2","dropoff","Shop","royalmail-int","Royal Mail International Tracked","Royal Mail","14.05",""
"outbound","NO","Norway","Oslo","0150","built-in","Large letter 1kg 35x25x2","dropoff","Shop","dpd-int-tracked-mail-dropoff","DPD Lite","DPD","14.12",""
"outbound","NO","Norway","Oslo","0150","built-in","Large letter 1kg 35x25x2","collection","Collection","royalmail-int-tracked-collection","Royal Mail International Tracked Collection","Royal Mail","14.35",""
"outbound","NO","Norway","Oslo","0150","built-in","Large letter 1kg 35x25x2","dropoff","Shop","royalmail-int-signed-mp-dropoff_2655","Royal Mail International Tracked Heavier","Royal Mail","16.65",""
"outbound","NO","Norway","Oslo","0150","built-in","Large letter 1kg 35x25x2","collection","Collection","royalmail-int-signed-collection_2611_2656","Royal Mail International Tracked Collection Heavier","Royal Mail","16.95",""
"outbound","NO","Norway","Oslo","0150","built-in","Large letter 1kg 35x25x2","dropoff","Shop","parcelforce-euro-priority-drop-shop","Parcelforce Worldwide - Euro Economy Drop Shop","Parcelforce","18.29",""
"outbound","NO","Norway","Oslo","0150","built-in","Large letter 1kg 35x25x2","dropoff","Shop","parcelforce-global-priority-drop-shop","Parcelforce - Global Priority Drop Shop","Parcelforce","18.29",""
"outbound","NO","Norway","Oslo","0150","built-in","Large letter 1kg 35x25x2","collection","Collection","parcelforce-euro-priority","Parcelforce Worldwide - Euro Economy","Parcelforce","18.59",""
"outbound","NO","Norway","Oslo","0150","built-in","Large letter 1kg 35x25x2","collection","Collection","parcelforce-global-priority","Parcelforce Worldwide - Global Priority","Parcelforce","18.59",""
"outbound","NO","Norway","Oslo","0150","built-in","Large letter 1kg 35x25x2","collection","Collection","fedex-regional-economy-dropoff_2308","FedEx Regional Economy®","FedEx Express","22.54",""
"outbound","NO","Norway","Oslo","0150","built-in","Large letter 1kg 35x25x2","dropoff","Shop","fedex-world-express-dropoff_2633","FedEx International Connect Plus Drop Off","FedEx Express","22.97",""
"outbound","NO","Norway","Oslo","0150","built-in","Large letter 1kg 35x25x2","dropoff","Shop","ups-access-point-dap-euro","UPS Standard™ – drop off","UPS Access Point","24.20",""
"outbound","NO","Norway","Oslo","0150","built-in","Large letter 1kg 35x25x2","collection","Collection","fedex-world-express_2653","FedEx International Connect Plus","FedEx Express","24.72",""
"outbound","NO","Norway","Oslo","0150","built-in","Large letter 1kg 35x25x2","collection","Collection","ups-dap-standard","UPS Standard®","UPS","26.35",""
"outbound","NO","Norway","Oslo","0150","built-in","Large letter 1kg 35x25x2","dropoff","Shop","fedex-world-economy-dropoff","FedEx International Economy® DropOff","FedEx Express","27.23",""
"outbound","NO","Norway","Oslo","0150","built-in","Large letter 1kg 35x25x2","dropoff","Shop","dpd-pickup-air-classic","DPD Drop Off International","DPD","31.97",""
"outbound","NO","Norway","Oslo","0150","built-in","Large letter 1kg 35x25x2","collection","Collection","fedex-world-economy","FedEx International Economy®","FedEx Express","32.49",""
"outbound","NO","Norway","Oslo","0150","built-in","Large letter 1kg 35x25x2","dropoff","Shop","dpd-pickup-air-express","DPD Drop Off Express","DPD","32.49",""
"outbound","NO","Norway","Oslo","0150","built-in","Large letter 1kg 35x25x2","dropoff","Shop","fedex-world-express-dropoff","FedEx International Priority® DropOff","FedEx Express","33.69",""
"outbound","NO","Norway","Oslo","0150","built-in","Large letter 1kg 35x25x2","collection","Collection","dpd-air-express","DPD Air Express","DPD","34.50",""
"outbound","NO","Norway","Oslo","0150","built-in","Large letter 1kg 35x25x2","dropoff","Shop","ups-access-point-dap-express","UPS Express Saver™ - drop off","UPS Access Point","35.87",""
"outbound","NO","Norway","Oslo","0150","built-in","Large letter 1kg 35x25x2","collection","Collection","dpd-air-classic","DPD Air Classic","DPD","36.32",""
"outbound","NO","Norway","Oslo","0150","built-in","Large letter 1kg 35x25x2","collection","Collection","fedex-world-express","FedEx International Priority®","FedEx Express","37.46",""
"outbound","NO","Norway","Oslo","0150","built-in","Large letter 1kg 35x25x2","collection","Collection","ups-dap-express-saver","UPS Express Saver®","UPS","38.02",""
"outbound","NO","Norway","Oslo","0150","built-in","Large letter 1kg 35x25x2","collection","Collection","ups-dap-express","UPS Express®","UPS","44.37",""
"outbound","NO","Norway","Oslo","0150","built-in","Small parcel 2kg 45x35x16","dropoff","Shop","royalmail-int-signed-mp-dropoff_2655","Royal Mail International Tracked Heavier","Royal Mail","23.35",""
"outbound","NO","Norway","Oslo","0150","built-in","Small parcel 2kg 45x35x16","collection","Collection","royalmail-int-signed-collection_2611_2656","Royal Mail International Tracked Collection Heavier","Royal Mail","23.65",""
"outbound","NO","Norway","Oslo","0150","built-in","Small parcel 2kg 45x35x16","dropoff","Shop","parcelforce-euro-priority-drop-shop","Parcelforce Worldwide - Euro Economy Drop Shop","Parcelforce","34.33",""
"outbound","NO","Norway","Oslo","0150","built-in","Small parcel 2kg 45x35x16","dropoff","Shop","parcelforce-global-priority-drop-shop","Parcelforce - Global Priority Drop Shop","Parcelforce","34.33",""
"outbound","NO","Norway","Oslo","0150","built-in","Small parcel 2kg 45x35x16","dropoff","Shop","ups-access-point-dap-euro","UPS Standard™ – drop off","UPS Access Point","34.39",""
"outbound","NO","Norway","Oslo","0150","built-in","Small parcel 2kg 45x35x16","collection","Collection","parcelforce-euro-priority","Parcelforce Worldwide - Euro Economy","Parcelforce","34.63",""
"outbound","NO","Norway","Oslo","0150","built-in","Small parcel 2kg 45x35x16","collection","Collection","parcelforce-global-priority","Parcelforce Worldwide - Global Priority","Parcelforce","34.63",""
"outbound","NO","Norway","Oslo","0150","built-in","Small parcel 2kg 45x35x16","dropoff","Shop","fedex-world-express-dropoff_2633","FedEx International Connect Plus Drop Off","FedEx Express","35.00",""
"outbound","NO","Norway","Oslo","0150","built-in","Small parcel 2kg 45x35x16","collection","Collection","fedex-regional-economy-dropoff_2308","FedEx Regional Economy®","FedEx Express","35.24",""
"outbound","NO","Norway","Oslo","0150","built-in","Small parcel 2kg 45x35x16","dropoff","Shop","fedex-world-economy-dropoff","FedEx International Economy® DropOff","FedEx Express","36.52",""
"outbound","NO","Norway","Oslo","0150","built-in","Small parcel 2kg 45x35x16","collection","Collection","ups-dap-standard","UPS Standard®","UPS","36.54",""
"outbound","NO","Norway","Oslo","0150","built-in","Small parcel 2kg 45x35x16","collection","Collection","fedex-world-express_2653","FedEx International Connect Plus","FedEx Express","37.11",""
"outbound","NO","Norway","Oslo","0150","built-in","Small parcel 2kg 45x35x16","dropoff","Shop","ups-access-point-dap-express","UPS Express Saver™ - drop off","UPS Access Point","48.54",""
"outbound","NO","Norway","Oslo","0150","built-in","Small parcel 2kg 45x35x16","collection","Collection","ups-dap-express-saver","UPS Express Saver®","UPS","50.69",""
"outbound","NO","Norway","Oslo","0150","built-in","Small parcel 2kg 45x35x16","collection","Collection","fedex-world-economy","FedEx International Economy®","FedEx Express","50.87",""
"outbound","NO","Norway","Oslo","0150","built-in","Small parcel 2kg 45x35x16","dropoff","Shop","dpd-pickup-air-express","DPD Drop Off Express","DPD","56.73",""
"outbound","NO","Norway","Oslo","0150","built-in","Small parcel 2kg 45x35x16","dropoff","Shop","dpd-pickup-air-classic","DPD Drop Off International","DPD","58.42",""
"outbound","NO","Norway","Oslo","0150","built-in","Small parcel 2kg 45x35x16","collection","Collection","ups-dap-express","UPS Express®","UPS","60.19",""
"outbound","NO","Norway","Oslo","0150","built-in","Small parcel 2kg 45x35x16","collection","Collection","dpd-air-express","DPD Air Express","DPD","62.50",""
"outbound","NO","Norway","Oslo","0150","built-in","Small parcel 2kg 45x35x16","dropoff","Shop","fedex-world-express-dropoff","FedEx International Priority® DropOff","FedEx Express","72.99",""
"outbound","NO","Norway","Oslo","0150","built-in","Small parcel 2kg 45x35x16","collection","Collection","dpd-air-classic","DPD Air Classic","DPD","74.70",""
"outbound","NO","Norway","Oslo","0150","built-in","Small parcel 2kg 45x35x16","collection","Collection","fedex-world-express","FedEx International Priority®","FedEx Express","80.85",""
"outbound","NO","Norway","Oslo","0150","built-in","Racket (tennis/badminton/squash) 1kg 70x30x8","dropoff","Shop","ups-access-point-dap-euro","UPS Standard™ – drop off","UPS Access Point","25.46",""
"outbound","NO","Norway","Oslo","0150","built-in","Racket (tennis/badminton/squash) 1kg 70x30x8","collection","Collection","ups-dap-standard","UPS Standard®","UPS","27.61",""
"outbound","NO","Norway","Oslo","0150","built-in","Racket (tennis/badminton/squash) 1kg 70x30x8","dropoff","Shop","fedex-world-express-dropoff_2633","FedEx International Connect Plus Drop Off","FedEx Express","27.99",""
"outbound","NO","Norway","Oslo","0150","built-in","Racket (tennis/badminton/squash) 1kg 70x30x8","collection","Collection","fedex-regional-economy-dropoff_2308","FedEx Regional Economy®","FedEx Express","28.20",""
"outbound","NO","Norway","Oslo","0150","built-in","Racket (tennis/badminton/squash) 1kg 70x30x8","dropoff","Shop","parcelforce-euro-priority-drop-shop","Parcelforce Worldwide - Euro Economy Drop Shop","Parcelforce","28.44",""
"outbound","NO","Norway","Oslo","0150","built-in","Racket (tennis/badminton/squash) 1kg 70x30x8","dropoff","Shop","parcelforce-global-priority-drop-shop","Parcelforce - Global Priority Drop Shop","Parcelforce","28.44",""
"outbound","NO","Norway","Oslo","0150","built-in","Racket (tennis/badminton/squash) 1kg 70x30x8","collection","Collection","fedex-world-express_2653","FedEx International Connect Plus","FedEx Express","28.59",""
"outbound","NO","Norway","Oslo","0150","built-in","Racket (tennis/badminton/squash) 1kg 70x30x8","collection","Collection","parcelforce-euro-priority","Parcelforce Worldwide - Euro Economy","Parcelforce","28.74",""
"outbound","NO","Norway","Oslo","0150","built-in","Racket (tennis/badminton/squash) 1kg 70x30x8","collection","Collection","parcelforce-global-priority","Parcelforce Worldwide - Global Priority","Parcelforce","28.74",""
"outbound","NO","Norway","Oslo","0150","built-in","Racket (tennis/badminton/squash) 1kg 70x30x8","dropoff","Shop","fedex-world-economy-dropoff","FedEx International Economy® DropOff","FedEx Express","30.68",""
"outbound","NO","Norway","Oslo","0150","built-in","Racket (tennis/badminton/squash) 1kg 70x30x8","collection","Collection","fedex-world-economy","FedEx International Economy®","FedEx Express","35.95",""
"outbound","NO","Norway","Oslo","0150","built-in","Racket (tennis/badminton/squash) 1kg 70x30x8","dropoff","Shop","ups-access-point-dap-express","UPS Express Saver™ - drop off","UPS Access Point","39.07",""
"outbound","NO","Norway","Oslo","0150","built-in","Racket (tennis/badminton/squash) 1kg 70x30x8","collection","Collection","ups-dap-express-saver","UPS Express Saver®","UPS","41.22",""
"outbound","NO","Norway","Oslo","0150","built-in","Racket (tennis/badminton/squash) 1kg 70x30x8","collection","Collection","dpd-air-express","DPD Air Express","DPD","51.37",""
"outbound","NO","Norway","Oslo","0150","built-in","Racket (tennis/badminton/squash) 1kg 70x30x8","collection","Collection","ups-dap-express","UPS Express®","UPS","51.41",""
"outbound","NO","Norway","Oslo","0150","built-in","Racket (tennis/badminton/squash) 1kg 70x30x8","dropoff","Shop","fedex-world-express-dropoff","FedEx International Priority® DropOff","FedEx Express","57.06",""
"outbound","NO","Norway","Oslo","0150","built-in","Racket (tennis/badminton/squash) 1kg 70x30x8","collection","Collection","dpd-air-classic","DPD Air Classic","DPD","59.34",""
"outbound","NO","Norway","Oslo","0150","built-in","Racket (tennis/badminton/squash) 1kg 70x30x8","collection","Collection","fedex-world-express","FedEx International Priority®","FedEx Express","63.22",""
"outbound","NO","Norway","Oslo","0150","built-in","Bag / padel racket 2kg 80x35x15","dropoff","Shop","ups-access-point-dap-euro","UPS Standard™ – drop off","UPS Access Point","34.39",""
"outbound","NO","Norway","Oslo","0150","built-in","Bag / padel racket 2kg 80x35x15","collection","Collection","ups-dap-standard","UPS Standard®","UPS","36.54",""
"outbound","NO","Norway","Oslo","0150","built-in","Bag / padel racket 2kg 80x35x15","dropoff","Shop","parcelforce-euro-priority-drop-shop","Parcelforce Worldwide - Euro Economy Drop Shop","Parcelforce","42.18",""
"outbound","NO","Norway","Oslo","0150","built-in","Bag / padel racket 2kg 80x35x15","dropoff","Shop","parcelforce-global-priority-drop-shop","Parcelforce - Global Priority Drop Shop","Parcelforce","42.18",""
"outbound","NO","Norway","Oslo","0150","built-in","Bag / padel racket 2kg 80x35x15","collection","Collection","fedex-regional-economy-dropoff_2308","FedEx Regional Economy®","FedEx Express","42.34",""
"outbound","NO","Norway","Oslo","0150","built-in","Bag / padel racket 2kg 80x35x15","collection","Collection","parcelforce-euro-priority","Parcelforce Worldwide - Euro Economy","Parcelforce","42.48",""
"outbound","NO","Norway","Oslo","0150","built-in","Bag / padel racket 2kg 80x35x15","collection","Collection","parcelforce-global-priority","Parcelforce Worldwide - Global Priority","Parcelforce","42.48",""
"outbound","NO","Norway","Oslo","0150","built-in","Bag / padel racket 2kg 80x35x15","dropoff","Shop","fedex-world-economy-dropoff","FedEx International Economy® DropOff","FedEx Express","43.88",""
"outbound","NO","Norway","Oslo","0150","built-in","Bag / padel racket 2kg 80x35x15","dropoff","Shop","fedex-world-express-dropoff_2633","FedEx International Connect Plus Drop Off","FedEx Express","44.08",""
"outbound","NO","Norway","Oslo","0150","built-in","Bag / padel racket 2kg 80x35x15","collection","Collection","fedex-world-express_2653","FedEx International Connect Plus","FedEx Express","45.61",""
"outbound","NO","Norway","Oslo","0150","built-in","Bag / padel racket 2kg 80x35x15","dropoff","Shop","ups-access-point-dap-express","UPS Express Saver™ - drop off","UPS Access Point","49.36",""
"outbound","NO","Norway","Oslo","0150","built-in","Bag / padel racket 2kg 80x35x15","collection","Collection","ups-dap-express-saver","UPS Express Saver®","UPS","51.51",""
"outbound","NO","Norway","Oslo","0150","built-in","Bag / padel racket 2kg 80x35x15","collection","Collection","fedex-world-economy","FedEx International Economy®","FedEx Express","60.10",""
"outbound","NO","Norway","Oslo","0150","built-in","Bag / padel racket 2kg 80x35x15","collection","Collection","ups-dap-express","UPS Express®","UPS","61.01",""
"outbound","NO","Norway","Oslo","0150","built-in","Bag / padel racket 2kg 80x35x15","collection","Collection","dpd-air-express","DPD Air Express","DPD","79.37",""
"outbound","NO","Norway","Oslo","0150","built-in","Bag / padel racket 2kg 80x35x15","collection","Collection","dpd-air-classic","DPD Air Classic","DPD","97.62",""
"outbound","NO","Norway","Oslo","0150","built-in","Bag / padel racket 2kg 80x35x15","dropoff","Shop","fedex-world-express-dropoff","FedEx International Priority® DropOff","FedEx Express","100.93",""
"outbound","NO","Norway","Oslo","0150","built-in","Bag / padel racket 2kg 80x35x15","collection","Collection","fedex-world-express","FedEx International Priority®","FedEx Express","111.72",""
"return","NO","Norway","Oslo","0150","built-in","Large letter 1kg 35x25x2","","","","","","","No services returned"
"return","NO","Norway","Oslo","0150","built-in","Small parcel 2kg 45x35x16","","","","","","","No services returned"
"return","NO","Norway","Oslo","0150","built-in","Racket (tennis/badminton/squash) 1kg 70x30x8","","","","","","","No services returned"
"return","NO","Norway","Oslo","0150","built-in","Bag / padel racket 2kg 80x35x15","","","","","","","No services returned"
"outbound","US","United States","New York","10001","built-in","Large letter 1kg 35x25x2","dropoff","Shop","dpd-int-tracked-mail-dropoff_2638","DPD Lite USA","DPD","17.51",""
"outbound","US","United States","New York","10001","built-in","Large letter 1kg 35x25x2","dropoff","Shop","p2g-international-saver-dropshop","Global Parcel Drop Shop USA","Norsk","20.77",""
"outbound","US","United States","New York","10001","built-in","Large letter 1kg 35x25x2","dropoff","Shop","ups-access-point-dap-express","UPS Express Saver™ - drop off","UPS Access Point","22.24",""
"outbound","US","United States","New York","10001","built-in","Large letter 1kg 35x25x2","collection","Collection","dpd-air-classic","DPD Air Classic","DPD","22.37",""
"outbound","US","United States","New York","10001","built-in","Large letter 1kg 35x25x2","dropoff","Shop","dpd-pickup-air-classic","DPD Drop Off International","DPD","22.49",""
"outbound","US","United States","New York","10001","built-in","Large letter 1kg 35x25x2","collection","Collection","ups-dap-express-saver","UPS Express Saver®","UPS","24.39",""
"outbound","US","United States","New York","10001","built-in","Large letter 1kg 35x25x2","dropoff","Shop","fedex-world-express-dropoff_2633","FedEx International Connect Plus Drop Off","FedEx Express","27.87",""
"outbound","US","United States","New York","10001","built-in","Large letter 1kg 35x25x2","dropoff","Shop","dpd-pickup-air-express","DPD Drop Off Express","DPD","28.54",""
"outbound","US","United States","New York","10001","built-in","Large letter 1kg 35x25x2","collection","Collection","fedex-world-express_2653","FedEx International Connect Plus","FedEx Express","29.65",""
"outbound","US","United States","New York","10001","built-in","Large letter 1kg 35x25x2","collection","Collection","dpd-air-express","DPD Air Express","DPD","29.78",""
"outbound","US","United States","New York","10001","built-in","Large letter 1kg 35x25x2","dropoff","Shop","fedex-world-economy-dropoff","FedEx International Economy® DropOff","FedEx Express","33.44",""
"outbound","US","United States","New York","10001","built-in","Large letter 1kg 35x25x2","dropoff","Shop","fedex-world-express-dropoff","FedEx International Priority® DropOff","FedEx Express","35.36",""
"outbound","US","United States","New York","10001","built-in","Large letter 1kg 35x25x2","collection","Collection","fedex-world-economy","FedEx International Economy®","FedEx Express","36.65",""
"outbound","US","United States","New York","10001","built-in","Large letter 1kg 35x25x2","collection","Collection","fedex-world-express","FedEx International Priority®","FedEx Express","38.78",""
"outbound","US","United States","New York","10001","built-in","Large letter 1kg 35x25x2","collection","Collection","ups-dap-express","UPS Express®","UPS","40.56",""
"outbound","US","United States","New York","10001","built-in","Small parcel 2kg 45x35x16","dropoff","Shop","p2g-international-saver-dropshop","Global Parcel Drop Shop USA","Norsk","48.01",""
"outbound","US","United States","New York","10001","built-in","Small parcel 2kg 45x35x16","dropoff","Shop","dpd-pickup-air-classic","DPD Drop Off International","DPD","52.12",""
"outbound","US","United States","New York","10001","built-in","Small parcel 2kg 45x35x16","dropoff","Shop","ups-access-point-dap-express","UPS Express Saver™ - drop off","UPS Access Point","52.19",""
"outbound","US","United States","New York","10001","built-in","Small parcel 2kg 45x35x16","collection","Collection","fedex-world-express_2653","FedEx International Connect Plus","FedEx Express","53.56",""
"outbound","US","United States","New York","10001","built-in","Small parcel 2kg 45x35x16","collection","Collection","ups-dap-express-saver","UPS Express Saver®","UPS","54.34",""
"outbound","US","United States","New York","10001","built-in","Small parcel 2kg 45x35x16","dropoff","Shop","fedex-world-express-dropoff_2633","FedEx International Connect Plus Drop Off","FedEx Express","54.38",""
"outbound","US","United States","New York","10001","built-in","Small parcel 2kg 45x35x16","collection","Collection","dpd-air-classic","DPD Air Classic","DPD","58.50",""
"outbound","US","United States","New York","10001","built-in","Small parcel 2kg 45x35x16","dropoff","Shop","fedex-world-economy-dropoff","FedEx International Economy® DropOff","FedEx Express","58.83",""
"outbound","US","United States","New York","10001","built-in","Small parcel 2kg 45x35x16","dropoff","Shop","dpd-pickup-air-express","DPD Drop Off Express","DPD","61.16",""
"outbound","US","United States","New York","10001","built-in","Small parcel 2kg 45x35x16","dropoff","Shop","fedex-world-express-dropoff","FedEx International Priority® DropOff","FedEx Express","61.51",""
"outbound","US","United States","New York","10001","built-in","Small parcel 2kg 45x35x16","collection","Collection","dpd-air-express","DPD Air Express","DPD","62.28",""
"outbound","US","United States","New York","10001","built-in","Small parcel 2kg 45x35x16","collection","Collection","ups-dap-express","UPS Express®","UPS","63.77",""
"outbound","US","United States","New York","10001","built-in","Small parcel 2kg 45x35x16","collection","Collection","fedex-world-economy","FedEx International Economy®","FedEx Express","64.44",""
"outbound","US","United States","New York","10001","built-in","Small parcel 2kg 45x35x16","collection","Collection","fedex-world-express","FedEx International Priority®","FedEx Express","67.58",""
"outbound","US","United States","New York","10001","built-in","Racket (tennis/badminton/squash) 1kg 70x30x8","dropoff","Shop","p2g-international-saver-dropshop","Global Parcel Drop Shop USA","Norsk","33.48",""
"outbound","US","United States","New York","10001","built-in","Racket (tennis/badminton/squash) 1kg 70x30x8","dropoff","Shop","ups-access-point-dap-express","UPS Express Saver™ - drop off","UPS Access Point","37.98",""
"outbound","US","United States","New York","10001","built-in","Racket (tennis/badminton/squash) 1kg 70x30x8","collection","Collection","ups-dap-express-saver","UPS Express Saver®","UPS","40.13",""
"outbound","US","United States","New York","10001","built-in","Racket (tennis/badminton/squash) 1kg 70x30x8","collection","Collection","fedex-world-express_2653","FedEx International Connect Plus","FedEx Express","42.46",""
"outbound","US","United States","New York","10001","built-in","Racket (tennis/badminton/squash) 1kg 70x30x8","dropoff","Shop","fedex-world-express-dropoff_2633","FedEx International Connect Plus Drop Off","FedEx Express","42.84",""
"outbound","US","United States","New York","10001","built-in","Racket (tennis/badminton/squash) 1kg 70x30x8","collection","Collection","dpd-air-classic","DPD Air Classic","DPD","44.49",""
"outbound","US","United States","New York","10001","built-in","Racket (tennis/badminton/squash) 1kg 70x30x8","collection","Collection","dpd-air-express","DPD Air Express","DPD","49.23",""
"outbound","US","United States","New York","10001","built-in","Racket (tennis/badminton/squash) 1kg 70x30x8","dropoff","Shop","fedex-world-economy-dropoff","FedEx International Economy® DropOff","FedEx Express","50.32",""
"outbound","US","United States","New York","10001","built-in","Racket (tennis/badminton/squash) 1kg 70x30x8","collection","Collection","ups-dap-express","UPS Express®","UPS","50.90",""
"outbound","US","United States","New York","10001","built-in","Racket (tennis/badminton/squash) 1kg 70x30x8","dropoff","Shop","fedex-world-express-dropoff","FedEx International Priority® DropOff","FedEx Express","52.66",""
"outbound","US","United States","New York","10001","built-in","Racket (tennis/badminton/squash) 1kg 70x30x8","collection","Collection","fedex-world-economy","FedEx International Economy®","FedEx Express","55.20",""
"outbound","US","United States","New York","10001","built-in","Racket (tennis/badminton/squash) 1kg 70x30x8","collection","Collection","fedex-world-express","FedEx International Priority®","FedEx Express","57.85",""
"outbound","US","United States","New York","10001","built-in","Bag / padel racket 2kg 80x35x15","dropoff","Shop","ups-access-point-dap-express","UPS Express Saver™ - drop off","UPS Access Point","53.70",""
"outbound","US","United States","New York","10001","built-in","Bag / padel racket 2kg 80x35x15","collection","Collection","ups-dap-express-saver","UPS Express Saver®","UPS","55.85",""
"outbound","US","United States","New York","10001","built-in","Bag / padel racket 2kg 80x35x15","collection","Collection","ups-dap-express","UPS Express®","UPS","65.29",""
"outbound","US","United States","New York","10001","built-in","Bag / padel racket 2kg 80x35x15","dropoff","Shop","p2g-international-saver-dropshop","Global Parcel Drop Shop USA","Norsk","65.69",""
"outbound","US","United States","New York","10001","built-in","Bag / padel racket 2kg 80x35x15","dropoff","Shop","fedex-world-economy-dropoff","FedEx International Economy® DropOff","FedEx Express","77.35",""
"outbound","US","United States","New York","10001","built-in","Bag / padel racket 2kg 80x35x15","collection","Collection","dpd-air-classic","DPD Air Classic","DPD","80.21",""
"outbound","US","United States","New York","10001","built-in","Bag / padel racket 2kg 80x35x15","dropoff","Shop","fedex-world-express-dropoff","FedEx International Priority® DropOff","FedEx Express","80.45",""
"outbound","US","United States","New York","10001","built-in","Bag / padel racket 2kg 80x35x15","collection","Collection","dpd-air-express","DPD Air Express","DPD","81.72",""
"outbound","US","United States","New York","10001","built-in","Bag / padel racket 2kg 80x35x15","collection","Collection","fedex-world-economy","FedEx International Economy®","FedEx Express","84.88",""
"outbound","US","United States","New York","10001","built-in","Bag / padel racket 2kg 80x35x15","collection","Collection","fedex-world-express_2653","FedEx International Connect Plus","FedEx Express","84.89",""
"outbound","US","United States","New York","10001","built-in","Bag / padel racket 2kg 80x35x15","dropoff","Shop","fedex-world-express-dropoff_2633","FedEx International Connect Plus Drop Off","FedEx Express","86.43",""
"outbound","US","United States","New York","10001","built-in","Bag / padel racket 2kg 80x35x15","collection","Collection","fedex-world-express","FedEx International Priority®","FedEx Express","88.42",""
"return","US","United States","New York","10001","built-in","Large letter 1kg 35x25x2","collection","Collection","mfb-fx-prio","FedEx International Priority","My Flying Box","90.52",""
"return","US","United States","New York","10001","built-in","Large letter 1kg 35x25x2","collection","Collection","mfb-fx-eco","FedEx International Economy","My Flying Box","129.76",""
"return","US","United States","New York","10001","built-in","Small parcel 2kg 45x35x16","collection","Collection","mfb-fx-prio","FedEx International Priority","My Flying Box","126.78",""
"return","US","United States","New York","10001","built-in","Small parcel 2kg 45x35x16","collection","Collection","mfb-fx-eco","FedEx International Economy","My Flying Box","190.66",""
"return","US","United States","New York","10001","built-in","Racket (tennis/badminton/squash) 1kg 70x30x8","collection","Collection","mfb-fx-prio","FedEx International Priority","My Flying Box","113.58",""
"return","US","United States","New York","10001","built-in","Racket (tennis/badminton/squash) 1kg 70x30x8","collection","Collection","mfb-fx-eco","FedEx International Economy","My Flying Box","170.44",""
"return","US","United States","New York","10001","built-in","Bag / padel racket 2kg 80x35x15","collection","Collection","mfb-fx-prio","FedEx International Priority","My Flying Box","164.97",""
"return","US","United States","New York","10001","built-in","Bag / padel racket 2kg 80x35x15","collection","Collection","mfb-fx-eco","FedEx International Economy","My Flying Box","249.35",""
"outbound","CA","Canada","Toronto","M5V 2T6","built-in","Large letter 1kg 35x25x2","dropoff","Shop","royalmail-int","Royal Mail International Tracked","Royal Mail","20.27",""
"outbound","CA","Canada","Toronto","M5V 2T6","built-in","Large letter 1kg 35x25x2","collection","Collection","royalmail-int-tracked-collection","Royal Mail International Tracked Collection","Royal Mail","20.57",""
"outbound","CA","Canada","Toronto","M5V 2T6","built-in","Large letter 1kg 35x25x2","dropoff","Shop","dpd-pickup-air-classic","DPD Drop Off International","DPD","22.14",""
"outbound","CA","Canada","Toronto","M5V 2T6","built-in","Large letter 1kg 35x25x2","dropoff","Shop","ups-access-point-dap-express","UPS Express Saver™ - drop off","UPS Access Point","22.24",""
"outbound","CA","Canada","Toronto","M5V 2T6","built-in","Large letter 1kg 35x25x2","dropoff","Shop","parcelforce-global-priority-drop-shop","Parcelforce - Global Priority Drop Shop","Parcelforce","22.48",""
"outbound","CA","Canada","Toronto","M5V 2T6","built-in","Large letter 1kg 35x25x2","collection","Collection","parcelforce-global-priority","Parcelforce Worldwide - Global Priority","Parcelforce","22.78",""
"outbound","CA","Canada","Toronto","M5V 2T6","built-in","Large letter 1kg 35x25x2","dropoff","Shop","dpd-pickup-air-express","DPD Drop Off Express","DPD","22.95",""
"outbound","CA","Canada","Toronto","M5V 2T6","built-in","Large letter 1kg 35x25x2","dropoff","Shop","royalmail-int-signed-mp-dropoff_2655","Royal Mail International Tracked Heavier","Royal Mail","24.10",""
"outbound","CA","Canada","Toronto","M5V 2T6","built-in","Large letter 1kg 35x25x2","collection","Collection","ups-dap-express-saver","UPS Express Saver®","UPS","24.39",""
"outbound","CA","Canada","Toronto","M5V 2T6","built-in","Large letter 1kg 35x25x2","collection","Collection","royalmail-int-signed-collection_2611_2656","Royal Mail International Tracked Collection Heavier","Royal Mail","24.40",""
"outbound","CA","Canada","Toronto","M5V 2T6","built-in","Large letter 1kg 35x25x2","dropoff","Shop","fedex-world-express-dropoff_2633","FedEx International Connect Plus Drop Off","FedEx Express","24.58",""
"outbound","CA","Canada","Toronto","M5V 2T6","built-in","Large letter 1kg 35x25x2","collection","Collection","fedex-world-express_2653","FedEx International Connect Plus","FedEx Express","25.17",""
"outbound","CA","Canada","Toronto","M5V 2T6","built-in","Large letter 1kg 35x25x2","collection","Collection","dpd-air-classic","DPD Air Classic","DPD","25.61",""
"outbound","CA","Canada","Toronto","M5V 2T6","built-in","Large letter 1kg 35x25x2","collection","Collection","dpd-air-express","DPD Air Express","DPD","26.53",""
"outbound","CA","Canada","Toronto","M5V 2T6","built-in","Large letter 1kg 35x25x2","dropoff","Shop","fedex-world-express-dropoff","FedEx International Priority® DropOff","FedEx Express","29.81",""
"outbound","CA","Canada","Toronto","M5V 2T6","built-in","Large letter 1kg 35x25x2","collection","Collection","fedex-world-economy","FedEx International Economy®","FedEx Express","31.08",""
"outbound","CA","Canada","Toronto","M5V 2T6","built-in","Large letter 1kg 35x25x2","collection","Collection","fedex-world-express","FedEx International Priority®","FedEx Express","33.22",""
"outbound","CA","Canada","Toronto","M5V 2T6","built-in","Large letter 1kg 35x25x2","collection","Collection","ups-dap-express","UPS Express®","UPS","40.56",""
"outbound","CA","Canada","Toronto","M5V 2T6","built-in","Small parcel 2kg 45x35x16","dropoff","Shop","royalmail-int-signed-mp-dropoff_2655","Royal Mail International Tracked Heavier","Royal Mail","25.05",""
"outbound","CA","Canada","Toronto","M5V 2T6","built-in","Small parcel 2kg 45x35x16","collection","Collection","royalmail-int-signed-collection_2611_2656","Royal Mail International Tracked Collection Heavier","Royal Mail","25.35",""
"outbound","CA","Canada","Toronto","M5V 2T6","built-in","Small parcel 2kg 45x35x16","dropoff","Shop","parcelforce-global-priority-drop-shop","Parcelforce - Global Priority Drop Shop","Parcelforce","42.54",""
"outbound","CA","Canada","Toronto","M5V 2T6","built-in","Small parcel 2kg 45x35x16","collection","Collection","parcelforce-global-priority","Parcelforce Worldwide - Global Priority","Parcelforce","42.84",""
"outbound","CA","Canada","Toronto","M5V 2T6","built-in","Small parcel 2kg 45x35x16","dropoff","Shop","ups-access-point-dap-express","UPS Express Saver™ - drop off","UPS Access Point","51.12",""
"outbound","CA","Canada","Toronto","M5V 2T6","built-in","Small parcel 2kg 45x35x16","dropoff","Shop","fedex-world-express-dropoff_2633","FedEx International Connect Plus Drop Off","FedEx Express","52.11",""
"outbound","CA","Canada","Toronto","M5V 2T6","built-in","Small parcel 2kg 45x35x16","collection","Collection","fedex-world-express_2653","FedEx International Connect Plus","FedEx Express","53.26",""
"outbound","CA","Canada","Toronto","M5V 2T6","built-in","Small parcel 2kg 45x35x16","collection","Collection","ups-dap-express-saver","UPS Express Saver®","UPS","53.27",""
"outbound","CA","Canada","Toronto","M5V 2T6","built-in","Small parcel 2kg 45x35x16","dropoff","Shop","dpd-pickup-air-express","DPD Drop Off Express","DPD","54.18",""
"outbound","CA","Canada","Toronto","M5V 2T6","built-in","Small parcel 2kg 45x35x16","dropoff","Shop","fedex-world-express-dropoff","FedEx International Priority® DropOff","FedEx Express","55.97",""
"outbound","CA","Canada","Toronto","M5V 2T6","built-in","Small parcel 2kg 45x35x16","collection","Collection","dpd-air-express","DPD Air Express","DPD","57.89",""
"outbound","CA","Canada","Toronto","M5V 2T6","built-in","Small parcel 2kg 45x35x16","collection","Collection","fedex-world-economy","FedEx International Economy®","FedEx Express","58.89",""
"outbound","CA","Canada","Toronto","M5V 2T6","built-in","Small parcel 2kg 45x35x16","dropoff","Shop","dpd-pickup-air-classic","DPD Drop Off International","DPD","60.26",""
"outbound","CA","Canada","Toronto","M5V 2T6","built-in","Small parcel 2kg 45x35x16","collection","Collection","fedex-world-express","FedEx International Priority®","FedEx Express","62.02",""
"outbound","CA","Canada","Toronto","M5V 2T6","built-in","Small parcel 2kg 45x35x16","collection","Collection","dpd-air-classic","DPD Air Classic","DPD","63.17",""
"outbound","CA","Canada","Toronto","M5V 2T6","built-in","Small parcel 2kg 45x35x16","collection","Collection","ups-dap-express","UPS Express®","UPS","63.77",""
"outbound","CA","Canada","Toronto","M5V 2T6","built-in","Racket (tennis/badminton/squash) 1kg 70x30x8","dropoff","Shop","parcelforce-global-priority-drop-shop","Parcelforce - Global Priority Drop Shop","Parcelforce","32.43",""
"outbound","CA","Canada","Toronto","M5V 2T6","built-in","Racket (tennis/badminton/squash) 1kg 70x30x8","collection","Collection","parcelforce-global-priority","Parcelforce Worldwide - Global Priority","Parcelforce","32.73",""
"outbound","CA","Canada","Toronto","M5V 2T6","built-in","Racket (tennis/badminton/squash) 1kg 70x30x8","dropoff","Shop","ups-access-point-dap-express","UPS Express Saver™ - drop off","UPS Access Point","35.57",""
"outbound","CA","Canada","Toronto","M5V 2T6","built-in","Racket (tennis/badminton/squash) 1kg 70x30x8","collection","Collection","ups-dap-express-saver","UPS Express Saver®","UPS","37.72",""
"outbound","CA","Canada","Toronto","M5V 2T6","built-in","Racket (tennis/badminton/squash) 1kg 70x30x8","collection","Collection","fedex-world-express_2653","FedEx International Connect Plus","FedEx Express","40.76",""
"outbound","CA","Canada","Toronto","M5V 2T6","built-in","Racket (tennis/badminton/squash) 1kg 70x30x8","dropoff","Shop","fedex-world-express-dropoff_2633","FedEx International Connect Plus Drop Off","FedEx Express","41.37",""
"outbound","CA","Canada","Toronto","M5V 2T6","built-in","Racket (tennis/badminton/squash) 1kg 70x30x8","collection","Collection","dpd-air-express","DPD Air Express","DPD","45.29",""
"outbound","CA","Canada","Toronto","M5V 2T6","built-in","Racket (tennis/badminton/squash) 1kg 70x30x8","dropoff","Shop","fedex-world-express-dropoff","FedEx International Priority® DropOff","FedEx Express","47.12",""
"outbound","CA","Canada","Toronto","M5V 2T6","built-in","Racket (tennis/badminton/squash) 1kg 70x30x8","collection","Collection","dpd-air-classic","DPD Air Classic","DPD","48.11",""
"outbound","CA","Canada","Toronto","M5V 2T6","built-in","Racket (tennis/badminton/squash) 1kg 70x30x8","collection","Collection","fedex-world-economy","FedEx International Economy®","FedEx Express","49.63",""
"outbound","CA","Canada","Toronto","M5V 2T6","built-in","Racket (tennis/badminton/squash) 1kg 70x30x8","collection","Collection","ups-dap-express","UPS Express®","UPS","50.90",""
"outbound","CA","Canada","Toronto","M5V 2T6","built-in","Racket (tennis/badminton/squash) 1kg 70x30x8","collection","Collection","fedex-world-express","FedEx International Priority®","FedEx Express","52.29",""
"outbound","CA","Canada","Toronto","M5V 2T6","built-in","Bag / padel racket 2kg 80x35x15","dropoff","Shop","ups-access-point-dap-express","UPS Express Saver™ - drop off","UPS Access Point","52.64",""
"outbound","CA","Canada","Toronto","M5V 2T6","built-in","Bag / padel racket 2kg 80x35x15","dropoff","Shop","parcelforce-global-priority-drop-shop","Parcelforce - Global Priority Drop Shop","Parcelforce","53.03",""
"outbound","CA","Canada","Toronto","M5V 2T6","built-in","Bag / padel racket 2kg 80x35x15","collection","Collection","parcelforce-global-priority","Parcelforce Worldwide - Global Priority","Parcelforce","53.33",""
"outbound","CA","Canada","Toronto","M5V 2T6","built-in","Bag / padel racket 2kg 80x35x15","collection","Collection","ups-dap-express-saver","UPS Express Saver®","UPS","54.79",""
"outbound","CA","Canada","Toronto","M5V 2T6","built-in","Bag / padel racket 2kg 80x35x15","collection","Collection","ups-dap-express","UPS Express®","UPS","65.29",""
"outbound","CA","Canada","Toronto","M5V 2T6","built-in","Bag / padel racket 2kg 80x35x15","dropoff","Shop","fedex-world-express-dropoff","FedEx International Priority® DropOff","FedEx Express","74.91",""
"outbound","CA","Canada","Toronto","M5V 2T6","built-in","Bag / padel racket 2kg 80x35x15","collection","Collection","dpd-air-express","DPD Air Express","DPD","76.66",""
"outbound","CA","Canada","Toronto","M5V 2T6","built-in","Bag / padel racket 2kg 80x35x15","collection","Collection","fedex-world-economy","FedEx International Economy®","FedEx Express","79.33",""
"outbound","CA","Canada","Toronto","M5V 2T6","built-in","Bag / padel racket 2kg 80x35x15","collection","Collection","fedex-world-express","FedEx International Priority®","FedEx Express","82.86",""
"outbound","CA","Canada","Toronto","M5V 2T6","built-in","Bag / padel racket 2kg 80x35x15","collection","Collection","dpd-air-classic","DPD Air Classic","DPD","85.66",""
"outbound","CA","Canada","Toronto","M5V 2T6","built-in","Bag / padel racket 2kg 80x35x15","dropoff","Shop","fedex-world-express-dropoff_2633","FedEx International Connect Plus Drop Off","FedEx Express","88.15",""
"outbound","CA","Canada","Toronto","M5V 2T6","built-in","Bag / padel racket 2kg 80x35x15","collection","Collection","fedex-world-express_2653","FedEx International Connect Plus","FedEx Express","90.11",""
"return","CA","Canada","Toronto","M5V 2T6","built-in","Large letter 1kg 35x25x2","collection","Collection","mfb-fx-prio","FedEx International Priority","My Flying Box","131.38",""
"return","CA","Canada","Toronto","M5V 2T6","built-in","Large letter 1kg 35x25x2","collection","Collection","mfb-fx-eco","FedEx International Economy","My Flying Box","162.45",""
"return","CA","Canada","Toronto","M5V 2T6","built-in","Small parcel 2kg 45x35x16","collection","Collection","mfb-fx-prio","FedEx International Priority","My Flying Box","132.38",""
"return","CA","Canada","Toronto","M5V 2T6","built-in","Small parcel 2kg 45x35x16","collection","Collection","mfb-fx-eco","FedEx International Economy","My Flying Box","280.79",""
"return","CA","Canada","Toronto","M5V 2T6","built-in","Racket (tennis/badminton/squash) 1kg 70x30x8","collection","Collection","mfb-fx-prio","FedEx International Priority","My Flying Box","131.69",""
"return","CA","Canada","Toronto","M5V 2T6","built-in","Racket (tennis/badminton/squash) 1kg 70x30x8","collection","Collection","mfb-fx-eco","FedEx International Economy","My Flying Box","239.19",""
"return","CA","Canada","Toronto","M5V 2T6","built-in","Bag / padel racket 2kg 80x35x15","collection","Collection","mfb-fx-prio","FedEx International Priority","My Flying Box","134.19",""
"return","CA","Canada","Toronto","M5V 2T6","built-in","Bag / padel racket 2kg 80x35x15","collection","Collection","mfb-fx-eco","FedEx International Economy","My Flying Box","367.30",""
"outbound","AU","Australia","Sydney","2000","built-in","Large letter 1kg 35x25x2","dropoff","Shop","dpd-int-tracked-mail-dropoff","DPD Lite","DPD","15.97",""
"outbound","AU","Australia","Sydney","2000","built-in","Large letter 1kg 35x25x2","collection","Collection","dpd-air-classic","DPD Air Classic","DPD","19.28",""
"outbound","AU","Australia","Sydney","2000","built-in","Large letter 1kg 35x25x2","dropoff","Shop","royalmail-int","Royal Mail International Tracked","Royal Mail","19.40",""
"outbound","AU","Australia","Sydney","2000","built-in","Large letter 1kg 35x25x2","dropoff","Shop","dpd-pickup-air-classic","DPD Drop Off International","DPD","19.66",""
"outbound","AU","Australia","Sydney","2000","built-in","Large letter 1kg 35x25x2","collection","Collection","royalmail-int-tracked-collection","Royal Mail International Tracked Collection","Royal Mail","19.70",""
"outbound","AU","Australia","Sydney","2000","built-in","Large letter 1kg 35x25x2","dropoff","Shop","dpd-pickup-air-express","DPD Drop Off Express","DPD","25.51",""
"outbound","AU","Australia","Sydney","2000","built-in","Large letter 1kg 35x25x2","collection","Collection","dpd-air-express","DPD Air Express","DPD","26.07",""
"outbound","AU","Australia","Sydney","2000","built-in","Large letter 1kg 35x25x2","dropoff","Shop","royalmail-int-signed-mp-dropoff_2655_2806","Royal Mail International Tracked Heavier","Royal Mail","27.50",""
"outbound","AU","Australia","Sydney","2000","built-in","Large letter 1kg 35x25x2","collection","Collection","royalmail-int-signed-collection_2611_2656_2807","Royal Mail International Tracked Collection Heavier","Royal Mail","27.80",""
"outbound","AU","Australia","Sydney","2000","built-in","Large letter 1kg 35x25x2","dropoff","Shop","fedex-world-express-dropoff","FedEx International Priority® DropOff","FedEx Express","36.99",""
"outbound","AU","Australia","Sydney","2000","built-in","Large letter 1kg 35x25x2","dropoff","Shop","parcelforce-global-priority-drop-shop","Parcelforce - Global Priority Drop Shop","Parcelforce","37.98",""
"outbound","AU","Australia","Sydney","2000","built-in","Large letter 1kg 35x25x2","collection","Collection","parcelforce-global-priority","Parcelforce Worldwide - Global Priority","Parcelforce","38.28",""
"outbound","AU","Australia","Sydney","2000","built-in","Large letter 1kg 35x25x2","collection","Collection","fedex-world-express","FedEx International Priority®","FedEx Express","41.30",""
"outbound","AU","Australia","Sydney","2000","built-in","Large letter 1kg 35x25x2","dropoff","Shop","fedex-world-express-dropoff_2633","FedEx International Connect Plus Drop Off","FedEx Express","48.86",""
"outbound","AU","Australia","Sydney","2000","built-in","Large letter 1kg 35x25x2","collection","Collection","fedex-world-express_2653","FedEx International Connect Plus","FedEx Express","50.03",""
"outbound","AU","Australia","Sydney","2000","built-in","Large letter 1kg 35x25x2","dropoff","Shop","ups-access-point-dap-express","UPS Express Saver™ - drop off","UPS Access Point","59.30",""
"outbound","AU","Australia","Sydney","2000","built-in","Large letter 1kg 35x25x2","collection","Collection","ups-dap-express-saver","UPS Express Saver®","UPS","61.45",""
"outbound","AU","Australia","Sydney","2000","built-in","Large letter 1kg 35x25x2","collection","Collection","ups-dap-express","UPS Express®","UPS","78.83",""
"outbound","AU","Australia","Sydney","2000","built-in","Small parcel 2kg 45x35x16","dropoff","Shop","royalmail-int-signed-mp-dropoff_2655_2806","Royal Mail International Tracked Heavier","Royal Mail","35.10",""
"outbound","AU","Australia","Sydney","2000","built-in","Small parcel 2kg 45x35x16","collection","Collection","royalmail-int-signed-collection_2611_2656_2807","Royal Mail International Tracked Collection Heavier","Royal Mail","35.40",""
"outbound","AU","Australia","Sydney","2000","built-in","Small parcel 2kg 45x35x16","dropoff","Shop","parcelforce-global-priority-drop-shop","Parcelforce - Global Priority Drop Shop","Parcelforce","51.19",""
"outbound","AU","Australia","Sydney","2000","built-in","Small parcel 2kg 45x35x16","collection","Collection","parcelforce-global-priority","Parcelforce Worldwide - Global Priority","Parcelforce","51.49",""
"outbound","AU","Australia","Sydney","2000","built-in","Small parcel 2kg 45x35x16","collection","Collection","dpd-air-classic","DPD Air Classic","DPD","55.73",""
"outbound","AU","Australia","Sydney","2000","built-in","Small parcel 2kg 45x35x16","dropoff","Shop","dpd-pickup-air-classic","DPD Drop Off International","DPD","55.87",""
"outbound","AU","Australia","Sydney","2000","built-in","Small parcel 2kg 45x35x16","dropoff","Shop","fedex-world-express-dropoff","FedEx International Priority® DropOff","FedEx Express","72.06",""
"outbound","AU","Australia","Sydney","2000","built-in","Small parcel 2kg 45x35x16","dropoff","Shop","dpd-pickup-air-express","DPD Drop Off Express","DPD","75.17",""
"outbound","AU","Australia","Sydney","2000","built-in","Small parcel 2kg 45x35x16","collection","Collection","dpd-air-express","DPD Air Express","DPD","78.36",""
"outbound","AU","Australia","Sydney","2000","built-in","Small parcel 2kg 45x35x16","collection","Collection","fedex-world-express","FedEx International Priority®","FedEx Express","80.12",""
"outbound","AU","Australia","Sydney","2000","built-in","Small parcel 2kg 45x35x16","dropoff","Shop","fedex-world-express-dropoff_2633","FedEx International Connect Plus Drop Off","FedEx Express","94.86",""
"outbound","AU","Australia","Sydney","2000","built-in","Small parcel 2kg 45x35x16","collection","Collection","fedex-world-express_2653","FedEx International Connect Plus","FedEx Express","97.06",""
"outbound","AU","Australia","Sydney","2000","built-in","Small parcel 2kg 45x35x16","dropoff","Shop","ups-access-point-dap-express","UPS Express Saver™ - drop off","UPS Access Point","141.58",""
"outbound","AU","Australia","Sydney","2000","built-in","Small parcel 2kg 45x35x16","collection","Collection","ups-dap-express-saver","UPS Express Saver®","UPS","143.73",""
"outbound","AU","Australia","Sydney","2000","built-in","Small parcel 2kg 45x35x16","collection","Collection","ups-dap-express","UPS Express®","UPS","151.76",""
"outbound","AU","Australia","Sydney","2000","built-in","Racket (tennis/badminton/squash) 1kg 70x30x8","collection","Collection","dpd-air-classic","DPD Air Classic","DPD","41.15",""
"outbound","AU","Australia","Sydney","2000","built-in","Racket (tennis/badminton/squash) 1kg 70x30x8","dropoff","Shop","parcelforce-global-priority-drop-shop","Parcelforce - Global Priority Drop Shop","Parcelforce","44.06",""
"outbound","AU","Australia","Sydney","2000","built-in","Racket (tennis/badminton/squash) 1kg 70x30x8","collection","Collection","parcelforce-global-priority","Parcelforce Worldwide - Global Priority","Parcelforce","44.36",""
"outbound","AU","Australia","Sydney","2000","built-in","Racket (tennis/badminton/squash) 1kg 70x30x8","collection","Collection","dpd-air-express","DPD Air Express","DPD","57.45",""
"outbound","AU","Australia","Sydney","2000","built-in","Racket (tennis/badminton/squash) 1kg 70x30x8","dropoff","Shop","fedex-world-express-dropoff","FedEx International Priority® DropOff","FedEx Express","61.07",""
"outbound","AU","Australia","Sydney","2000","built-in","Racket (tennis/badminton/squash) 1kg 70x30x8","collection","Collection","fedex-world-express","FedEx International Priority®","FedEx Express","67.98",""
"outbound","AU","Australia","Sydney","2000","built-in","Racket (tennis/badminton/squash) 1kg 70x30x8","dropoff","Shop","ups-access-point-dap-express","UPS Express Saver™ - drop off","UPS Access Point","77.84",""
"outbound","AU","Australia","Sydney","2000","built-in","Racket (tennis/badminton/squash) 1kg 70x30x8","collection","Collection","ups-dap-express-saver","UPS Express Saver®","UPS","79.99",""
"outbound","AU","Australia","Sydney","2000","built-in","Racket (tennis/badminton/squash) 1kg 70x30x8","dropoff","Shop","fedex-world-express-dropoff_2633","FedEx International Connect Plus Drop Off","FedEx Express","80.26",""
"outbound","AU","Australia","Sydney","2000","built-in","Racket (tennis/badminton/squash) 1kg 70x30x8","collection","Collection","fedex-world-express_2653","FedEx International Connect Plus","FedEx Express","82.15",""
"outbound","AU","Australia","Sydney","2000","built-in","Racket (tennis/badminton/squash) 1kg 70x30x8","collection","Collection","ups-dap-express","UPS Express®","UPS","92.43",""
"outbound","AU","Australia","Sydney","2000","built-in","Bag / padel racket 2kg 80x35x15","dropoff","Shop","parcelforce-global-priority-drop-shop","Parcelforce - Global Priority Drop Shop","Parcelforce","68.25",""
"outbound","AU","Australia","Sydney","2000","built-in","Bag / padel racket 2kg 80x35x15","collection","Collection","parcelforce-global-priority","Parcelforce Worldwide - Global Priority","Parcelforce","68.55",""
"outbound","AU","Australia","Sydney","2000","built-in","Bag / padel racket 2kg 80x35x15","collection","Collection","dpd-air-classic","DPD Air Classic","DPD","77.60",""
"outbound","AU","Australia","Sydney","2000","built-in","Bag / padel racket 2kg 80x35x15","dropoff","Shop","fedex-world-express-dropoff","FedEx International Priority® DropOff","FedEx Express","94.95",""
"outbound","AU","Australia","Sydney","2000","built-in","Bag / padel racket 2kg 80x35x15","collection","Collection","fedex-world-express","FedEx International Priority®","FedEx Express","105.38",""
"outbound","AU","Australia","Sydney","2000","built-in","Bag / padel racket 2kg 80x35x15","collection","Collection","dpd-air-express","DPD Air Express","DPD","109.74",""
"outbound","AU","Australia","Sydney","2000","built-in","Bag / padel racket 2kg 80x35x15","dropoff","Shop","fedex-world-express-dropoff_2633","FedEx International Connect Plus Drop Off","FedEx Express","123.75",""
"outbound","AU","Australia","Sydney","2000","built-in","Bag / padel racket 2kg 80x35x15","collection","Collection","fedex-world-express_2653","FedEx International Connect Plus","FedEx Express","126.62",""
"outbound","AU","Australia","Sydney","2000","built-in","Bag / padel racket 2kg 80x35x15","dropoff","Shop","ups-access-point-dap-express","UPS Express Saver™ - drop off","UPS Access Point","144.35",""
"outbound","AU","Australia","Sydney","2000","built-in","Bag / padel racket 2kg 80x35x15","collection","Collection","ups-dap-express-saver","UPS Express Saver®","UPS","146.50",""
"outbound","AU","Australia","Sydney","2000","built-in","Bag / padel racket 2kg 80x35x15","collection","Collection","ups-dap-express","UPS Express®","UPS","154.54",""
"return","AU","Australia","Sydney","2000","built-in","Large letter 1kg 35x25x2","collection","Collection","mfb-fx-eco","FedEx International Economy","My Flying Box","205.88",""
"return","AU","Australia","Sydney","2000","built-in","Small parcel 2kg 45x35x16","collection","Collection","mfb-fx-eco","FedEx International Economy","My Flying Box","494.52",""
"return","AU","Australia","Sydney","2000","built-in","Racket (tennis/badminton/squash) 1kg 70x30x8","collection","Collection","mfb-fx-eco","FedEx International Economy","My Flying Box","391.08",""
"return","AU","Australia","Sydney","2000","built-in","Bag / padel racket 2kg 80x35x15","collection","Collection","mfb-fx-eco","FedEx International Economy","My Flying Box","615.78",""
"outbound","GB","United Kingdom - mainland","London","EC1A 1BB","built-in","Large letter 1kg 35x25x2","dropoff","Shop","royalmail-largeletter-48","Royal Mail 48 Tracked Large Letter","Royal Mail","2.85",""
"outbound","GB","United Kingdom - mainland","London","EC1A 1BB","built-in","Large letter 1kg 35x25x2","dropoff","Locker","inpost","InPost Lockers to Home","InPost","3.23",""
"outbound","GB","United Kingdom - mainland","London","EC1A 1BB","built-in","Large letter 1kg 35x25x2","dropoff","Shop","royalmail-int_2606","Royal Mail 48 Tracked Small","Royal Mail","3.65",""
"outbound","GB","United Kingdom - mainland","London","EC1A 1BB","built-in","Large letter 1kg 35x25x2","dropoff","Shop","royalmail-largeletter-24","Royal Mail 24 Tracked Large Letter","Royal Mail","3.80",""
"outbound","GB","United Kingdom - mainland","London","EC1A 1BB","built-in","Large letter 1kg 35x25x2","collection","Collection","royalmail-int_2606_2608","Royal Mail 48 Tracked Small Collection","Royal Mail","3.95",""
"outbound","GB","United Kingdom - mainland","London","EC1A 1BB","built-in","Large letter 1kg 35x25x2","dropoff","Shop","fedex-uk-express-dropoff_895","FedEx Economy Drop Off","FedEx Express","4.38",""
"outbound","GB","United Kingdom - mainland","London","EC1A 1BB","built-in","Large letter 1kg 35x25x2","dropoff","Shop","fedex-uk-express-dropoff","FedEx Priority Drop Off","FedEx Express","4.39",""
"outbound","GB","United Kingdom - mainland","London","EC1A 1BB","built-in","Large letter 1kg 35x25x2","dropoff","Shop","royalmail-int_2606_2607","Royal Mail 24 Tracked Small","Royal Mail","4.65",""
"outbound","GB","United Kingdom - mainland","London","EC1A 1BB","built-in","Large letter 1kg 35x25x2","collection","Collection","royalmail-int_2606_2608_2609","Royal Mail 24 Tracked Small Collection","Royal Mail","4.95",""
"outbound","GB","United Kingdom - mainland","London","EC1A 1BB","built-in","Large letter 1kg 35x25x2","dropoff","Shop","dhl-som-s2c-nd","DHL eCommerce UK - Drop Off","DHL eCommerce UK","5.51",""
"outbound","GB","United Kingdom - mainland","London","EC1A 1BB","built-in","Large letter 1kg 35x25x2","dropoff","Shop","royalmail-int_2606_2616","Royal Mail 48 Tracked Medium","Royal Mail","5.55",""
"outbound","GB","United Kingdom - mainland","London","EC1A 1BB","built-in","Large letter 1kg 35x25x2","collection","Collection","royalmail-int_2606_2608_2618","Royal Mail 48 Tracked Medium Collection","Royal Mail","5.85",""
"outbound","GB","United Kingdom - mainland","London","EC1A 1BB","built-in","Large letter 1kg 35x25x2","dropoff","Shop","dpd_drop_off_economy","DPD Drop Off Economy Plus","DPD","6.23",""
"outbound","GB","United Kingdom - mainland","London","EC1A 1BB","built-in","Large letter 1kg 35x25x2","dropoff","Shop","royalmail-int_2606_2607_2617","Royal Mail 24 Tracked Medium","Royal Mail","6.55",""
"outbound","GB","United Kingdom - mainland","London","EC1A 1BB","built-in","Large letter 1kg 35x25x2","dropoff","Shop","dpd_2650","DPD Drop Off Small","DPD","6.72",""
"outbound","GB","United Kingdom - mainland","London","EC1A 1BB","built-in","Large letter 1kg 35x25x2","collection","Collection","royalmail-int_2606_2608_2609_2619","Royal Mail 24 Tracked Medium Collection","Royal Mail","6.85",""
"outbound","GB","United Kingdom - mainland","London","EC1A 1BB","built-in","Large letter 1kg 35x25x2","dropoff","Shop","ups-access-point-dap","UPS Standard™ – drop off","UPS Access Point","7.32",""
"outbound","GB","United Kingdom - mainland","London","EC1A 1BB","built-in","Large letter 1kg 35x25x2","dropoff","Shop","dpd","DPD Drop Off","DPD","7.94",""
"outbound","GB","United Kingdom - mainland","London","EC1A 1BB","built-in","Large letter 1kg 35x25x2","collection","Collection","fedex-uk-economy-1","FedEx Economy Collection","FedEx Express","9.38",""
"outbound","GB","United Kingdom - mainland","London","EC1A 1BB","built-in","Large letter 1kg 35x25x2","collection","Collection","ups-dap-uk-standard","UPS Standard®","UPS","9.90",""
"outbound","GB","United Kingdom - mainland","London","EC1A 1BB","built-in","Large letter 1kg 35x25x2","collection","Collection","dhl-uk","DHL eCommerce UK Collection","DHL","10.57",""
"outbound","GB","United Kingdom - mainland","London","EC1A 1BB","built-in","Large letter 1kg 35x25x2","dropoff","Shop","parcelforce-express-48-drop-off","Parcelforce Worldwide Express 48 Drop Off","Parcelforce","10.73",""
"outbound","GB","United Kingdom - mainland","London","EC1A 1BB","built-in","Large letter 1kg 35x25x2","collection","Collection","dx-48","DX48","DX","11.03",""
"outbound","GB","United Kingdom - mainland","London","EC1A 1BB","built-in","Large letter 1kg 35x25x2","collection","Collection","fedex-uk-express","FedEx Priority Collection","FedEx Express","11.08",""
"outbound","GB","United Kingdom - mainland","London","EC1A 1BB","built-in","Large letter 1kg 35x25x2","collection","Collection","dx-24","DX24","DX","11.15",""
"outbound","GB","United Kingdom - mainland","London","EC1A 1BB","built-in","Large letter 1kg 35x25x2","dropoff","Shop","parcelforce-express-24-drop-off","Parcelforce Worldwide Express 24 Drop Off","Parcelforce","11.17",""
"outbound","GB","United Kingdom - mainland","London","EC1A 1BB","built-in","Large letter 1kg 35x25x2","collection","Collection","parcelforce-express-48","Parcelforce Worldwide Express 48","Parcelforce","11.52",""
"outbound","GB","United Kingdom - mainland","London","EC1A 1BB","built-in","Large letter 1kg 35x25x2","collection","Collection","parcelforce-express-24","Parcelforce Worldwide Express 24","Parcelforce","11.71",""
"outbound","GB","United Kingdom - mainland","London","EC1A 1BB","built-in","Large letter 1kg 35x25x2","collection","Collection","dpd-collection","DPD Collection","DPD","11.99",""
"outbound","GB","United Kingdom - mainland","London","EC1A 1BB","built-in","Large letter 1kg 35x25x2","collection","Collection","ups-dap-uk-express-saver","UPS Express Saver® by 12pm","UPS","12.72",""
"outbound","GB","United Kingdom - mainland","London","EC1A 1BB","built-in","Large letter 1kg 35x25x2","collection","Collection","parcelforce-express-am","Parcelforce Worldwide Express AM","Parcelforce","12.92",""
"outbound","GB","United Kingdom - mainland","London","EC1A 1BB","built-in","Large letter 1kg 35x25x2","collection","Collection","parcelforce-by-10am","Parcelforce Worldwide by 10am","Parcelforce","16.32",""
"outbound","GB","United Kingdom - mainland","London","EC1A 1BB","built-in","Large letter 1kg 35x25x2","collection","Collection","ups-dap-express-uk","UPS Express® by 10.30am","UPS","18.54",""
"outbound","GB","United Kingdom - mainland","London","EC1A 1BB","built-in","Large letter 1kg 35x25x2","collection","Collection","dx-freight","DX Freight Parcel Service","DX","57.22",""
"outbound","GB","United Kingdom - mainland","London","EC1A 1BB","built-in","Large letter 1kg 35x25x2","collection","Collection","parcelforce-large-48","Parcelforce Worldwide Large 48","Parcelforce","61.46",""
"outbound","GB","United Kingdom - mainland","London","EC1A 1BB","built-in","Small parcel 2kg 45x35x16","dropoff","Shop","royalmail-int_2606","Royal Mail 48 Tracked Small","Royal Mail","3.65",""
"outbound","GB","United Kingdom - mainland","London","EC1A 1BB","built-in","Small parcel 2kg 45x35x16","collection","Collection","royalmail-int_2606_2608","Royal Mail 48 Tracked Small Collection","Royal Mail","3.95",""
"outbound","GB","United Kingdom - mainland","London","EC1A 1BB","built-in","Small parcel 2kg 45x35x16","dropoff","Locker","inpost","InPost Lockers to Home","InPost","4.04",""
"outbound","GB","United Kingdom - mainland","London","EC1A 1BB","built-in","Small parcel 2kg 45x35x16","dropoff","Shop","royalmail-int_2606_2607","Royal Mail 24 Tracked Small","Royal Mail","4.65",""
"outbound","GB","United Kingdom - mainland","London","EC1A 1BB","built-in","Small parcel 2kg 45x35x16","collection","Collection","royalmail-int_2606_2608_2609","Royal Mail 24 Tracked Small Collection","Royal Mail","4.95",""
"outbound","GB","United Kingdom - mainland","London","EC1A 1BB","built-in","Small parcel 2kg 45x35x16","dropoff","Shop","dhl-som-s2c-nd","DHL eCommerce UK - Drop Off","DHL eCommerce UK","5.51",""
"outbound","GB","United Kingdom - mainland","London","EC1A 1BB","built-in","Small parcel 2kg 45x35x16","dropoff","Shop","royalmail-int_2606_2616","Royal Mail 48 Tracked Medium","Royal Mail","5.55",""
"outbound","GB","United Kingdom - mainland","London","EC1A 1BB","built-in","Small parcel 2kg 45x35x16","collection","Collection","royalmail-int_2606_2608_2618","Royal Mail 48 Tracked Medium Collection","Royal Mail","5.85",""
"outbound","GB","United Kingdom - mainland","London","EC1A 1BB","built-in","Small parcel 2kg 45x35x16","dropoff","Shop","fedex-uk-express-dropoff_895","FedEx Economy Drop Off","FedEx Express","5.89",""
"outbound","GB","United Kingdom - mainland","London","EC1A 1BB","built-in","Small parcel 2kg 45x35x16","dropoff","Shop","fedex-uk-express-dropoff","FedEx Priority Drop Off","FedEx Express","6.02",""
"outbound","GB","United Kingdom - mainland","London","EC1A 1BB","built-in","Small parcel 2kg 45x35x16","dropoff","Shop","dpd_drop_off_economy","DPD Drop Off Economy Plus","DPD","6.42",""
"outbound","GB","United Kingdom - mainland","London","EC1A 1BB","built-in","Small parcel 2kg 45x35x16","dropoff","Shop","royalmail-int_2606_2607_2617","Royal Mail 24 Tracked Medium","Royal Mail","6.55",""
"outbound","GB","United Kingdom - mainland","London","EC1A 1BB","built-in","Small parcel 2kg 45x35x16","collection","Collection","royalmail-int_2606_2608_2609_2619","Royal Mail 24 Tracked Medium Collection","Royal Mail","6.85",""
"outbound","GB","United Kingdom - mainland","London","EC1A 1BB","built-in","Small parcel 2kg 45x35x16","dropoff","Shop","dpd","DPD Drop Off","DPD","7.99",""
"outbound","GB","United Kingdom - mainland","London","EC1A 1BB","built-in","Small parcel 2kg 45x35x16","dropoff","Shop","ups-access-point-dap","UPS Standard™ – drop off","UPS Access Point","8.70",""
"outbound","GB","United Kingdom - mainland","London","EC1A 1BB","built-in","Small parcel 2kg 45x35x16","collection","Collection","fedex-uk-economy-1","FedEx Economy Collection","FedEx Express","9.38",""
"outbound","GB","United Kingdom - mainland","London","EC1A 1BB","built-in","Small parcel 2kg 45x35x16","dropoff","Shop","parcelforce-express-48-drop-off","Parcelforce Worldwide Express 48 Drop Off","Parcelforce","10.75",""
"outbound","GB","United Kingdom - mainland","London","EC1A 1BB","built-in","Small parcel 2kg 45x35x16","dropoff","Shop","parcelforce-express-24-drop-off","Parcelforce Worldwide Express 24 Drop Off","Parcelforce","11.22",""
"outbound","GB","United Kingdom - mainland","London","EC1A 1BB","built-in","Small parcel 2kg 45x35x16","collection","Collection","dhl-uk","DHL eCommerce UK Collection","DHL","11.22",""
"outbound","GB","United Kingdom - mainland","London","EC1A 1BB","built-in","Small parcel 2kg 45x35x16","collection","Collection","ups-dap-uk-standard","UPS Standard®","UPS","11.28",""
"outbound","GB","United Kingdom - mainland","London","EC1A 1BB","built-in","Small parcel 2kg 45x35x16","collection","Collection","dx-48","DX48","DX","11.39",""
"outbound","GB","United Kingdom - mainland","London","EC1A 1BB","built-in","Small parcel 2kg 45x35x16","collection","Collection","dx-24","DX24","DX","11.51",""
"outbound","GB","United Kingdom - mainland","London","EC1A 1BB","built-in","Small parcel 2kg 45x35x16","collection","Collection","parcelforce-express-48","Parcelforce Worldwide Express 48","Parcelforce","11.54",""
"outbound","GB","United Kingdom - mainland","London","EC1A 1BB","built-in","Small parcel 2kg 45x35x16","collection","Collection","parcelforce-express-24","Parcelforce Worldwide Express 24","Parcelforce","11.75",""
"outbound","GB","United Kingdom - mainland","London","EC1A 1BB","built-in","Small parcel 2kg 45x35x16","collection","Collection","fedex-uk-express","FedEx Priority Collection","FedEx Express","11.75",""
"outbound","GB","United Kingdom - mainland","London","EC1A 1BB","built-in","Small parcel 2kg 45x35x16","collection","Collection","dpd-collection","DPD Collection","DPD","12.04",""
"outbound","GB","United Kingdom - mainland","London","EC1A 1BB","built-in","Small parcel 2kg 45x35x16","collection","Collection","parcelforce-express-am","Parcelforce Worldwide Express AM","Parcelforce","12.92",""
"outbound","GB","United Kingdom - mainland","London","EC1A 1BB","built-in","Small parcel 2kg 45x35x16","collection","Collection","ups-dap-uk-express-saver","UPS Express Saver® by 12pm","UPS","15.06",""
"outbound","GB","United Kingdom - mainland","London","EC1A 1BB","built-in","Small parcel 2kg 45x35x16","collection","Collection","parcelforce-by-10am","Parcelforce Worldwide by 10am","Parcelforce","16.32",""
"outbound","GB","United Kingdom - mainland","London","EC1A 1BB","built-in","Small parcel 2kg 45x35x16","collection","Collection","ups-dap-express-uk","UPS Express® by 10.30am","UPS","20.88",""
"outbound","GB","United Kingdom - mainland","London","EC1A 1BB","built-in","Small parcel 2kg 45x35x16","collection","Collection","dx-freight","DX Freight Parcel Service","DX","57.22",""
"outbound","GB","United Kingdom - mainland","London","EC1A 1BB","built-in","Small parcel 2kg 45x35x16","collection","Collection","parcelforce-large-48","Parcelforce Worldwide Large 48","Parcelforce","61.46",""
"outbound","GB","United Kingdom - mainland","London","EC1A 1BB","built-in","Racket (tennis/badminton/squash) 1kg 70x30x8","dropoff","Shop","fedex-uk-express-dropoff_895","FedEx Economy Drop Off","FedEx Express","5.89",""
"outbound","GB","United Kingdom - mainland","London","EC1A 1BB","built-in","Racket (tennis/badminton/squash) 1kg 70x30x8","dropoff","Shop","fedex-uk-express-dropoff","FedEx Priority Drop Off","FedEx Express","6.02",""
"outbound","GB","United Kingdom - mainland","London","EC1A 1BB","built-in","Racket (tennis/badminton/squash) 1kg 70x30x8","dropoff","Shop","ups-access-point-dap","UPS Standard™ – drop off","UPS Access Point","7.56",""
"outbound","GB","United Kingdom - mainland","London","EC1A 1BB","built-in","Racket (tennis/badminton/squash) 1kg 70x30x8","collection","Collection","ups-dap-uk-standard","UPS Standard®","UPS","10.14",""
"outbound","GB","United Kingdom - mainland","London","EC1A 1BB","built-in","Racket (tennis/badminton/squash) 1kg 70x30x8","dropoff","Shop","parcelforce-express-48-drop-off","Parcelforce Worldwide Express 48 Drop Off","Parcelforce","10.73",""
"outbound","GB","United Kingdom - mainland","London","EC1A 1BB","built-in","Racket (tennis/badminton/squash) 1kg 70x30x8","collection","Collection","dx-48","DX48","DX","11.03",""
"outbound","GB","United Kingdom - mainland","London","EC1A 1BB","built-in","Racket (tennis/badminton/squash) 1kg 70x30x8","collection","Collection","dx-24","DX24","DX","11.15",""
"outbound","GB","United Kingdom - mainland","London","EC1A 1BB","built-in","Racket (tennis/badminton/squash) 1kg 70x30x8","dropoff","Shop","parcelforce-express-24-drop-off","Parcelforce Worldwide Express 24 Drop Off","Parcelforce","11.17",""
"outbound","GB","United Kingdom - mainland","London","EC1A 1BB","built-in","Racket (tennis/badminton/squash) 1kg 70x30x8","collection","Collection","parcelforce-express-48","Parcelforce Worldwide Express 48","Parcelforce","11.52",""
"outbound","GB","United Kingdom - mainland","London","EC1A 1BB","built-in","Racket (tennis/badminton/squash) 1kg 70x30x8","collection","Collection","parcelforce-express-24","Parcelforce Worldwide Express 24","Parcelforce","11.71",""
"outbound","GB","United Kingdom - mainland","London","EC1A 1BB","built-in","Racket (tennis/badminton/squash) 1kg 70x30x8","collection","Collection","dpd-collection","DPD Collection","DPD","11.99",""
"outbound","GB","United Kingdom - mainland","London","EC1A 1BB","built-in","Racket (tennis/badminton/squash) 1kg 70x30x8","collection","Collection","parcelforce-express-am","Parcelforce Worldwide Express AM","Parcelforce","12.92",""
"outbound","GB","United Kingdom - mainland","London","EC1A 1BB","built-in","Racket (tennis/badminton/squash) 1kg 70x30x8","collection","Collection","ups-dap-uk-express-saver","UPS Express Saver® by 12pm","UPS","13.02",""
"outbound","GB","United Kingdom - mainland","London","EC1A 1BB","built-in","Racket (tennis/badminton/squash) 1kg 70x30x8","collection","Collection","parcelforce-by-10am","Parcelforce Worldwide by 10am","Parcelforce","16.32",""
"outbound","GB","United Kingdom - mainland","London","EC1A 1BB","built-in","Racket (tennis/badminton/squash) 1kg 70x30x8","collection","Collection","ups-dap-express-uk","UPS Express® by 10.30am","UPS","18.84",""
"outbound","GB","United Kingdom - mainland","London","EC1A 1BB","built-in","Racket (tennis/badminton/squash) 1kg 70x30x8","collection","Collection","dx-freight","DX Freight Parcel Service","DX","57.22",""
"outbound","GB","United Kingdom - mainland","London","EC1A 1BB","built-in","Racket (tennis/badminton/squash) 1kg 70x30x8","collection","Collection","parcelforce-large-48","Parcelforce Worldwide Large 48","Parcelforce","61.46",""
"outbound","GB","United Kingdom - mainland","London","EC1A 1BB","built-in","Bag / padel racket 2kg 80x35x15","dropoff","Shop","fedex-uk-express-dropoff_895","FedEx Economy Drop Off","FedEx Express","5.89",""
"outbound","GB","United Kingdom - mainland","London","EC1A 1BB","built-in","Bag / padel racket 2kg 80x35x15","dropoff","Shop","fedex-uk-express-dropoff","FedEx Priority Drop Off","FedEx Express","6.02",""
"outbound","GB","United Kingdom - mainland","London","EC1A 1BB","built-in","Bag / padel racket 2kg 80x35x15","dropoff","Shop","ups-access-point-dap","UPS Standard™ – drop off","UPS Access Point","8.70",""
"outbound","GB","United Kingdom - mainland","London","EC1A 1BB","built-in","Bag / padel racket 2kg 80x35x15","dropoff","Shop","parcelforce-express-48-drop-off","Parcelforce Worldwide Express 48 Drop Off","Parcelforce","10.75",""
"outbound","GB","United Kingdom - mainland","London","EC1A 1BB","built-in","Bag / padel racket 2kg 80x35x15","dropoff","Shop","parcelforce-express-24-drop-off","Parcelforce Worldwide Express 24 Drop Off","Parcelforce","11.22",""
"outbound","GB","United Kingdom - mainland","London","EC1A 1BB","built-in","Bag / padel racket 2kg 80x35x15","collection","Collection","ups-dap-uk-standard","UPS Standard®","UPS","11.28",""
"outbound","GB","United Kingdom - mainland","London","EC1A 1BB","built-in","Bag / padel racket 2kg 80x35x15","collection","Collection","dx-48","DX48","DX","11.39",""
"outbound","GB","United Kingdom - mainland","London","EC1A 1BB","built-in","Bag / padel racket 2kg 80x35x15","collection","Collection","dx-24","DX24","DX","11.51",""
"outbound","GB","United Kingdom - mainland","London","EC1A 1BB","built-in","Bag / padel racket 2kg 80x35x15","collection","Collection","parcelforce-express-48","Parcelforce Worldwide Express 48","Parcelforce","11.54",""
"outbound","GB","United Kingdom - mainland","London","EC1A 1BB","built-in","Bag / padel racket 2kg 80x35x15","collection","Collection","parcelforce-express-24","Parcelforce Worldwide Express 24","Parcelforce","11.75",""
"outbound","GB","United Kingdom - mainland","London","EC1A 1BB","built-in","Bag / padel racket 2kg 80x35x15","collection","Collection","dpd-collection","DPD Collection","DPD","12.04",""
"outbound","GB","United Kingdom - mainland","London","EC1A 1BB","built-in","Bag / padel racket 2kg 80x35x15","collection","Collection","parcelforce-express-am","Parcelforce Worldwide Express AM","Parcelforce","12.92",""
"outbound","GB","United Kingdom - mainland","London","EC1A 1BB","built-in","Bag / padel racket 2kg 80x35x15","collection","Collection","ups-dap-uk-express-saver","UPS Express Saver® by 12pm","UPS","15.06",""
"outbound","GB","United Kingdom - mainland","London","EC1A 1BB","built-in","Bag / padel racket 2kg 80x35x15","collection","Collection","parcelforce-by-10am","Parcelforce Worldwide by 10am","Parcelforce","16.32",""
"outbound","GB","United Kingdom - mainland","London","EC1A 1BB","built-in","Bag / padel racket 2kg 80x35x15","collection","Collection","ups-dap-express-uk","UPS Express® by 10.30am","UPS","20.88",""
"outbound","GB","United Kingdom - mainland","London","EC1A 1BB","built-in","Bag / padel racket 2kg 80x35x15","collection","Collection","dx-freight","DX Freight Parcel Service","DX","57.22",""
"outbound","GB","United Kingdom - mainland","London","EC1A 1BB","built-in","Bag / padel racket 2kg 80x35x15","collection","Collection","parcelforce-large-48","Parcelforce Worldwide Large 48","Parcelforce","61.46",""
"return","GB","United Kingdom - mainland","London","EC1A 1BB","built-in","Large letter 1kg 35x25x2","dropoff","Shop","relay-dom-dropoff-postable-smartsend","Relay Postable","Relay","2.39",""
"return","GB","United Kingdom - mainland","London","EC1A 1BB","built-in","Large letter 1kg 35x25x2","dropoff","Shop","relay-dom-dropoff-parcelshop-smartsend_2659","Relay Drop Off","Relay","2.51",""
"return","GB","United Kingdom - mainland","London","EC1A 1BB","built-in","Large letter 1kg 35x25x2","dropoff","Shop","royalmail-largeletter-48","Royal Mail 48 Tracked Large Letter","Royal Mail","2.85",""
"return","GB","United Kingdom - mainland","London","EC1A 1BB","built-in","Large letter 1kg 35x25x2","dropoff","Locker","inpost","InPost Lockers to Home","InPost","3.23",""
"return","GB","United Kingdom - mainland","London","EC1A 1BB","built-in","Large letter 1kg 35x25x2","dropoff","Shop","royalmail-int_2606","Royal Mail 48 Tracked Small","Royal Mail","3.65",""
"return","GB","United Kingdom - mainland","London","EC1A 1BB","built-in","Large letter 1kg 35x25x2","dropoff","Shop","royalmail-largeletter-24","Royal Mail 24 Tracked Large Letter","Royal Mail","3.80",""
"return","GB","United Kingdom - mainland","London","EC1A 1BB","built-in","Large letter 1kg 35x25x2","collection","Collection","royalmail-int_2606_2608","Royal Mail 48 Tracked Small Collection","Royal Mail","3.95",""
"return","GB","United Kingdom - mainland","London","EC1A 1BB","built-in","Large letter 1kg 35x25x2","dropoff","Shop","fedex-uk-express-dropoff_895","FedEx Economy Drop Off","FedEx Express","4.38",""
"return","GB","United Kingdom - mainland","London","EC1A 1BB","built-in","Large letter 1kg 35x25x2","dropoff","Shop","fedex-uk-express-dropoff","FedEx Priority Drop Off","FedEx Express","4.39",""
"return","GB","United Kingdom - mainland","London","EC1A 1BB","built-in","Large letter 1kg 35x25x2","dropoff","Shop","royalmail-int_2606_2607","Royal Mail 24 Tracked Small","Royal Mail","4.65",""
"return","GB","United Kingdom - mainland","London","EC1A 1BB","built-in","Large letter 1kg 35x25x2","collection","Collection","royalmail-int_2606_2608_2609","Royal Mail 24 Tracked Small Collection","Royal Mail","4.95",""
"return","GB","United Kingdom - mainland","London","EC1A 1BB","built-in","Large letter 1kg 35x25x2","dropoff","Shop","dhl-som-s2c-nd","DHL eCommerce UK - Drop Off","DHL eCommerce UK","5.51",""
"return","GB","United Kingdom - mainland","London","EC1A 1BB","built-in","Large letter 1kg 35x25x2","dropoff","Shop","royalmail-int_2606_2616","Royal Mail 48 Tracked Medium","Royal Mail","5.55",""
"return","GB","United Kingdom - mainland","London","EC1A 1BB","built-in","Large letter 1kg 35x25x2","collection","Collection","royalmail-int_2606_2608_2618","Royal Mail 48 Tracked Medium Collection","Royal Mail","5.85",""
"return","GB","United Kingdom - mainland","London","EC1A 1BB","built-in","Large letter 1kg 35x25x2","dropoff","Shop","dpd_drop_off_economy","DPD Drop Off Economy Plus","DPD","6.23",""
"return","GB","United Kingdom - mainland","London","EC1A 1BB","built-in","Large letter 1kg 35x25x2","dropoff","Shop","royalmail-int_2606_2607_2617","Royal Mail 24 Tracked Medium","Royal Mail","6.55",""
"return","GB","United Kingdom - mainland","London","EC1A 1BB","built-in","Large letter 1kg 35x25x2","dropoff","Shop","dpd_2650","DPD Drop Off Small","DPD","6.72",""
"return","GB","United Kingdom - mainland","London","EC1A 1BB","built-in","Large letter 1kg 35x25x2","collection","Collection","royalmail-int_2606_2608_2609_2619","Royal Mail 24 Tracked Medium Collection","Royal Mail","6.85",""
"return","GB","United Kingdom - mainland","London","EC1A 1BB","built-in","Large letter 1kg 35x25x2","dropoff","Shop","ups-access-point-dap","UPS Standard™ – drop off","UPS Access Point","7.32",""
"return","GB","United Kingdom - mainland","London","EC1A 1BB","built-in","Large letter 1kg 35x25x2","dropoff","Shop","dpd","DPD Drop Off","DPD","7.94",""
"return","GB","United Kingdom - mainland","London","EC1A 1BB","built-in","Large letter 1kg 35x25x2","collection","Collection","fedex-uk-economy-1","FedEx Economy Collection","FedEx Express","9.38",""
"return","GB","United Kingdom - mainland","London","EC1A 1BB","built-in","Large letter 1kg 35x25x2","collection","Collection","ups-dap-uk-standard","UPS Standard®","UPS","9.90",""
"return","GB","United Kingdom - mainland","London","EC1A 1BB","built-in","Large letter 1kg 35x25x2","collection","Collection","dhl-uk","DHL eCommerce UK Collection","DHL","10.57",""
"return","GB","United Kingdom - mainland","London","EC1A 1BB","built-in","Large letter 1kg 35x25x2","dropoff","Shop","parcelforce-express-48-drop-off","Parcelforce Worldwide Express 48 Drop Off","Parcelforce","10.73",""
"return","GB","United Kingdom - mainland","London","EC1A 1BB","built-in","Large letter 1kg 35x25x2","collection","Collection","dx-48","DX48","DX","11.03",""
"return","GB","United Kingdom - mainland","London","EC1A 1BB","built-in","Large letter 1kg 35x25x2","collection","Collection","fedex-uk-express","FedEx Priority Collection","FedEx Express","11.08",""
"return","GB","United Kingdom - mainland","London","EC1A 1BB","built-in","Large letter 1kg 35x25x2","collection","Collection","dx-24","DX24","DX","11.15",""
"return","GB","United Kingdom - mainland","London","EC1A 1BB","built-in","Large letter 1kg 35x25x2","dropoff","Shop","parcelforce-express-24-drop-off","Parcelforce Worldwide Express 24 Drop Off","Parcelforce","11.17",""
"return","GB","United Kingdom - mainland","London","EC1A 1BB","built-in","Large letter 1kg 35x25x2","collection","Collection","parcelforce-express-48","Parcelforce Worldwide Express 48","Parcelforce","11.52",""
"return","GB","United Kingdom - mainland","London","EC1A 1BB","built-in","Large letter 1kg 35x25x2","collection","Collection","parcelforce-express-24","Parcelforce Worldwide Express 24","Parcelforce","11.71",""
"return","GB","United Kingdom - mainland","London","EC1A 1BB","built-in","Large letter 1kg 35x25x2","collection","Collection","dpd-collection","DPD Collection","DPD","11.99",""
"return","GB","United Kingdom - mainland","London","EC1A 1BB","built-in","Large letter 1kg 35x25x2","collection","Collection","ups-dap-uk-express-saver","UPS Express Saver® by 12pm","UPS","12.72",""
"return","GB","United Kingdom - mainland","London","EC1A 1BB","built-in","Large letter 1kg 35x25x2","collection","Collection","parcelforce-express-am","Parcelforce Worldwide Express AM","Parcelforce","12.92",""
"return","GB","United Kingdom - mainland","London","EC1A 1BB","built-in","Large letter 1kg 35x25x2","collection","Collection","parcelforce-by-10am","Parcelforce Worldwide by 10am","Parcelforce","16.32",""
"return","GB","United Kingdom - mainland","London","EC1A 1BB","built-in","Large letter 1kg 35x25x2","collection","Collection","ups-dap-express-uk","UPS Express® by 10.30am","UPS","18.54",""
"return","GB","United Kingdom - mainland","London","EC1A 1BB","built-in","Large letter 1kg 35x25x2","collection","Collection","dx-freight","DX Freight Parcel Service","DX","57.22",""
"return","GB","United Kingdom - mainland","London","EC1A 1BB","built-in","Large letter 1kg 35x25x2","collection","Collection","parcelforce-large-48","Parcelforce Worldwide Large 48","Parcelforce","61.46",""
"return","GB","United Kingdom - mainland","London","EC1A 1BB","built-in","Small parcel 2kg 45x35x16","dropoff","Shop","relay-dom-dropoff-parcelshop-smartsend_2659","Relay Drop Off","Relay","2.51",""
"return","GB","United Kingdom - mainland","London","EC1A 1BB","built-in","Small parcel 2kg 45x35x16","dropoff","Shop","royalmail-int_2606","Royal Mail 48 Tracked Small","Royal Mail","3.65",""
"return","GB","United Kingdom - mainland","London","EC1A 1BB","built-in","Small parcel 2kg 45x35x16","collection","Collection","royalmail-int_2606_2608","Royal Mail 48 Tracked Small Collection","Royal Mail","3.95",""
"return","GB","United Kingdom - mainland","London","EC1A 1BB","built-in","Small parcel 2kg 45x35x16","dropoff","Locker","inpost","InPost Lockers to Home","InPost","4.04",""
"return","GB","United Kingdom - mainland","London","EC1A 1BB","built-in","Small parcel 2kg 45x35x16","dropoff","Shop","royalmail-int_2606_2607","Royal Mail 24 Tracked Small","Royal Mail","4.65",""
"return","GB","United Kingdom - mainland","London","EC1A 1BB","built-in","Small parcel 2kg 45x35x16","collection","Collection","royalmail-int_2606_2608_2609","Royal Mail 24 Tracked Small Collection","Royal Mail","4.95",""
"return","GB","United Kingdom - mainland","London","EC1A 1BB","built-in","Small parcel 2kg 45x35x16","dropoff","Shop","dhl-som-s2c-nd","DHL eCommerce UK - Drop Off","DHL eCommerce UK","5.51",""
"return","GB","United Kingdom - mainland","London","EC1A 1BB","built-in","Small parcel 2kg 45x35x16","dropoff","Shop","royalmail-int_2606_2616","Royal Mail 48 Tracked Medium","Royal Mail","5.55",""
"return","GB","United Kingdom - mainland","London","EC1A 1BB","built-in","Small parcel 2kg 45x35x16","collection","Collection","royalmail-int_2606_2608_2618","Royal Mail 48 Tracked Medium Collection","Royal Mail","5.85",""
"return","GB","United Kingdom - mainland","London","EC1A 1BB","built-in","Small parcel 2kg 45x35x16","dropoff","Shop","fedex-uk-express-dropoff_895","FedEx Economy Drop Off","FedEx Express","5.89",""
"return","GB","United Kingdom - mainland","London","EC1A 1BB","built-in","Small parcel 2kg 45x35x16","dropoff","Shop","fedex-uk-express-dropoff","FedEx Priority Drop Off","FedEx Express","6.02",""
"return","GB","United Kingdom - mainland","London","EC1A 1BB","built-in","Small parcel 2kg 45x35x16","dropoff","Shop","dpd_drop_off_economy","DPD Drop Off Economy Plus","DPD","6.42",""
"return","GB","United Kingdom - mainland","London","EC1A 1BB","built-in","Small parcel 2kg 45x35x16","dropoff","Shop","royalmail-int_2606_2607_2617","Royal Mail 24 Tracked Medium","Royal Mail","6.55",""
"return","GB","United Kingdom - mainland","London","EC1A 1BB","built-in","Small parcel 2kg 45x35x16","collection","Collection","royalmail-int_2606_2608_2609_2619","Royal Mail 24 Tracked Medium Collection","Royal Mail","6.85",""
"return","GB","United Kingdom - mainland","London","EC1A 1BB","built-in","Small parcel 2kg 45x35x16","dropoff","Shop","dpd","DPD Drop Off","DPD","7.99",""
"return","GB","United Kingdom - mainland","London","EC1A 1BB","built-in","Small parcel 2kg 45x35x16","dropoff","Shop","ups-access-point-dap","UPS Standard™ – drop off","UPS Access Point","8.70",""
"return","GB","United Kingdom - mainland","London","EC1A 1BB","built-in","Small parcel 2kg 45x35x16","collection","Collection","fedex-uk-economy-1","FedEx Economy Collection","FedEx Express","9.38",""
"return","GB","United Kingdom - mainland","London","EC1A 1BB","built-in","Small parcel 2kg 45x35x16","dropoff","Shop","parcelforce-express-48-drop-off","Parcelforce Worldwide Express 48 Drop Off","Parcelforce","10.75",""
"return","GB","United Kingdom - mainland","London","EC1A 1BB","built-in","Small parcel 2kg 45x35x16","dropoff","Shop","parcelforce-express-24-drop-off","Parcelforce Worldwide Express 24 Drop Off","Parcelforce","11.22",""
"return","GB","United Kingdom - mainland","London","EC1A 1BB","built-in","Small parcel 2kg 45x35x16","collection","Collection","dhl-uk","DHL eCommerce UK Collection","DHL","11.22",""
"return","GB","United Kingdom - mainland","London","EC1A 1BB","built-in","Small parcel 2kg 45x35x16","collection","Collection","ups-dap-uk-standard","UPS Standard®","UPS","11.28",""
"return","GB","United Kingdom - mainland","London","EC1A 1BB","built-in","Small parcel 2kg 45x35x16","collection","Collection","dx-48","DX48","DX","11.39",""
"return","GB","United Kingdom - mainland","London","EC1A 1BB","built-in","Small parcel 2kg 45x35x16","collection","Collection","dx-24","DX24","DX","11.51",""
"return","GB","United Kingdom - mainland","London","EC1A 1BB","built-in","Small parcel 2kg 45x35x16","collection","Collection","parcelforce-express-48","Parcelforce Worldwide Express 48","Parcelforce","11.54",""
"return","GB","United Kingdom - mainland","London","EC1A 1BB","built-in","Small parcel 2kg 45x35x16","collection","Collection","parcelforce-express-24","Parcelforce Worldwide Express 24","Parcelforce","11.75",""
"return","GB","United Kingdom - mainland","London","EC1A 1BB","built-in","Small parcel 2kg 45x35x16","collection","Collection","fedex-uk-express","FedEx Priority Collection","FedEx Express","11.75",""
"return","GB","United Kingdom - mainland","London","EC1A 1BB","built-in","Small parcel 2kg 45x35x16","collection","Collection","dpd-collection","DPD Collection","DPD","12.04",""
"return","GB","United Kingdom - mainland","London","EC1A 1BB","built-in","Small parcel 2kg 45x35x16","collection","Collection","parcelforce-express-am","Parcelforce Worldwide Express AM","Parcelforce","12.92",""
"return","GB","United Kingdom - mainland","London","EC1A 1BB","built-in","Small parcel 2kg 45x35x16","collection","Collection","ups-dap-uk-express-saver","UPS Express Saver® by 12pm","UPS","15.06",""
"return","GB","United Kingdom - mainland","London","EC1A 1BB","built-in","Small parcel 2kg 45x35x16","collection","Collection","parcelforce-by-10am","Parcelforce Worldwide by 10am","Parcelforce","16.32",""
"return","GB","United Kingdom - mainland","London","EC1A 1BB","built-in","Small parcel 2kg 45x35x16","collection","Collection","ups-dap-express-uk","UPS Express® by 10.30am","UPS","20.88",""
"return","GB","United Kingdom - mainland","London","EC1A 1BB","built-in","Small parcel 2kg 45x35x16","collection","Collection","dx-freight","DX Freight Parcel Service","DX","57.22",""
"return","GB","United Kingdom - mainland","London","EC1A 1BB","built-in","Small parcel 2kg 45x35x16","collection","Collection","parcelforce-large-48","Parcelforce Worldwide Large 48","Parcelforce","61.46",""
"return","GB","United Kingdom - mainland","London","EC1A 1BB","built-in","Racket (tennis/badminton/squash) 1kg 70x30x8","dropoff","Shop","fedex-uk-express-dropoff_895","FedEx Economy Drop Off","FedEx Express","5.89",""
"return","GB","United Kingdom - mainland","London","EC1A 1BB","built-in","Racket (tennis/badminton/squash) 1kg 70x30x8","dropoff","Shop","fedex-uk-express-dropoff","FedEx Priority Drop Off","FedEx Express","6.02",""
"return","GB","United Kingdom - mainland","London","EC1A 1BB","built-in","Racket (tennis/badminton/squash) 1kg 70x30x8","dropoff","Shop","ups-access-point-dap","UPS Standard™ – drop off","UPS Access Point","7.56",""
"return","GB","United Kingdom - mainland","London","EC1A 1BB","built-in","Racket (tennis/badminton/squash) 1kg 70x30x8","collection","Collection","ups-dap-uk-standard","UPS Standard®","UPS","10.14",""
"return","GB","United Kingdom - mainland","London","EC1A 1BB","built-in","Racket (tennis/badminton/squash) 1kg 70x30x8","dropoff","Shop","parcelforce-express-48-drop-off","Parcelforce Worldwide Express 48 Drop Off","Parcelforce","10.73",""
"return","GB","United Kingdom - mainland","London","EC1A 1BB","built-in","Racket (tennis/badminton/squash) 1kg 70x30x8","collection","Collection","dx-48","DX48","DX","11.03",""
"return","GB","United Kingdom - mainland","London","EC1A 1BB","built-in","Racket (tennis/badminton/squash) 1kg 70x30x8","collection","Collection","dx-24","DX24","DX","11.15",""
"return","GB","United Kingdom - mainland","London","EC1A 1BB","built-in","Racket (tennis/badminton/squash) 1kg 70x30x8","dropoff","Shop","parcelforce-express-24-drop-off","Parcelforce Worldwide Express 24 Drop Off","Parcelforce","11.17",""
"return","GB","United Kingdom - mainland","London","EC1A 1BB","built-in","Racket (tennis/badminton/squash) 1kg 70x30x8","collection","Collection","parcelforce-express-48","Parcelforce Worldwide Express 48","Parcelforce","11.52",""
"return","GB","United Kingdom - mainland","London","EC1A 1BB","built-in","Racket (tennis/badminton/squash) 1kg 70x30x8","collection","Collection","parcelforce-express-24","Parcelforce Worldwide Express 24","Parcelforce","11.71",""
"return","GB","United Kingdom - mainland","London","EC1A 1BB","built-in","Racket (tennis/badminton/squash) 1kg 70x30x8","collection","Collection","dpd-collection","DPD Collection","DPD","11.99",""
"return","GB","United Kingdom - mainland","London","EC1A 1BB","built-in","Racket (tennis/badminton/squash) 1kg 70x30x8","collection","Collection","parcelforce-express-am","Parcelforce Worldwide Express AM","Parcelforce","12.92",""
"return","GB","United Kingdom - mainland","London","EC1A 1BB","built-in","Racket (tennis/badminton/squash) 1kg 70x30x8","collection","Collection","ups-dap-uk-express-saver","UPS Express Saver® by 12pm","UPS","13.02",""
"return","GB","United Kingdom - mainland","London","EC1A 1BB","built-in","Racket (tennis/badminton/squash) 1kg 70x30x8","collection","Collection","parcelforce-by-10am","Parcelforce Worldwide by 10am","Parcelforce","16.32",""
"return","GB","United Kingdom - mainland","London","EC1A 1BB","built-in","Racket (tennis/badminton/squash) 1kg 70x30x8","collection","Collection","ups-dap-express-uk","UPS Express® by 10.30am","UPS","18.84",""
"return","GB","United Kingdom - mainland","London","EC1A 1BB","built-in","Racket (tennis/badminton/squash) 1kg 70x30x8","collection","Collection","dx-freight","DX Freight Parcel Service","DX","57.22",""
"return","GB","United Kingdom - mainland","London","EC1A 1BB","built-in","Racket (tennis/badminton/squash) 1kg 70x30x8","collection","Collection","parcelforce-large-48","Parcelforce Worldwide Large 48","Parcelforce","61.46",""
"return","GB","United Kingdom - mainland","London","EC1A 1BB","built-in","Bag / padel racket 2kg 80x35x15","dropoff","Shop","fedex-uk-express-dropoff_895","FedEx Economy Drop Off","FedEx Express","5.89",""
"return","GB","United Kingdom - mainland","London","EC1A 1BB","built-in","Bag / padel racket 2kg 80x35x15","dropoff","Shop","fedex-uk-express-dropoff","FedEx Priority Drop Off","FedEx Express","6.02",""
"return","GB","United Kingdom - mainland","London","EC1A 1BB","built-in","Bag / padel racket 2kg 80x35x15","dropoff","Shop","ups-access-point-dap","UPS Standard™ – drop off","UPS Access Point","8.70",""
"return","GB","United Kingdom - mainland","London","EC1A 1BB","built-in","Bag / padel racket 2kg 80x35x15","dropoff","Shop","parcelforce-express-48-drop-off","Parcelforce Worldwide Express 48 Drop Off","Parcelforce","10.75",""
"return","GB","United Kingdom - mainland","London","EC1A 1BB","built-in","Bag / padel racket 2kg 80x35x15","dropoff","Shop","parcelforce-express-24-drop-off","Parcelforce Worldwide Express 24 Drop Off","Parcelforce","11.22",""
"return","GB","United Kingdom - mainland","London","EC1A 1BB","built-in","Bag / padel racket 2kg 80x35x15","collection","Collection","ups-dap-uk-standard","UPS Standard®","UPS","11.28",""
"return","GB","United Kingdom - mainland","London","EC1A 1BB","built-in","Bag / padel racket 2kg 80x35x15","collection","Collection","dx-48","DX48","DX","11.39",""
"return","GB","United Kingdom - mainland","London","EC1A 1BB","built-in","Bag / padel racket 2kg 80x35x15","collection","Collection","dx-24","DX24","DX","11.51",""
"return","GB","United Kingdom - mainland","London","EC1A 1BB","built-in","Bag / padel racket 2kg 80x35x15","collection","Collection","parcelforce-express-48","Parcelforce Worldwide Express 48","Parcelforce","11.54",""
"return","GB","United Kingdom - mainland","London","EC1A 1BB","built-in","Bag / padel racket 2kg 80x35x15","collection","Collection","parcelforce-express-24","Parcelforce Worldwide Express 24","Parcelforce","11.75",""
"return","GB","United Kingdom - mainland","London","EC1A 1BB","built-in","Bag / padel racket 2kg 80x35x15","collection","Collection","dpd-collection","DPD Collection","DPD","12.04",""
"return","GB","United Kingdom - mainland","London","EC1A 1BB","built-in","Bag / padel racket 2kg 80x35x15","collection","Collection","parcelforce-express-am","Parcelforce Worldwide Express AM","Parcelforce","12.92",""
"return","GB","United Kingdom - mainland","London","EC1A 1BB","built-in","Bag / padel racket 2kg 80x35x15","collection","Collection","ups-dap-uk-express-saver","UPS Express Saver® by 12pm","UPS","15.06",""
"return","GB","United Kingdom - mainland","London","EC1A 1BB","built-in","Bag / padel racket 2kg 80x35x15","collection","Collection","parcelforce-by-10am","Parcelforce Worldwide by 10am","Parcelforce","16.32",""
"return","GB","United Kingdom - mainland","London","EC1A 1BB","built-in","Bag / padel racket 2kg 80x35x15","collection","Collection","ups-dap-express-uk","UPS Express® by 10.30am","UPS","20.88",""
"return","GB","United Kingdom - mainland","London","EC1A 1BB","built-in","Bag / padel racket 2kg 80x35x15","collection","Collection","dx-freight","DX Freight Parcel Service","DX","57.22",""
"return","GB","United Kingdom - mainland","London","EC1A 1BB","built-in","Bag / padel racket 2kg 80x35x15","collection","Collection","parcelforce-large-48","Parcelforce Worldwide Large 48","Parcelforce","61.46",""
"outbound","IE","Ireland","Dublin","D02 X285","built-in","Large letter 1kg 35x25x2","dropoff","Shop","royalmail-int","Royal Mail International Tracked","Royal Mail","9.95",""
"outbound","IE","Ireland","Dublin","D02 X285","built-in","Large letter 1kg 35x25x2","collection","Collection","royalmail-int-tracked-collection","Royal Mail International Tracked Collection","Royal Mail","10.25",""
"outbound","IE","Ireland","Dublin","D02 X285","built-in","Large letter 1kg 35x25x2","collection","Collection","dpd-ireland","DPD Ireland","DPD","10.70",""
"outbound","IE","Ireland","Dublin","D02 X285","built-in","Large letter 1kg 35x25x2","dropoff","Shop","royalmail-int-signed-mp-dropoff_2655","Royal Mail International Tracked Heavier","Royal Mail","12.25",""
"outbound","IE","Ireland","Dublin","D02 X285","built-in","Large letter 1kg 35x25x2","dropoff","Shop","ups-access-point-dap-euro","UPS Standard™ – drop off","UPS Access Point","12.44",""
"outbound","IE","Ireland","Dublin","D02 X285","built-in","Large letter 1kg 35x25x2","collection","Collection","royalmail-int-signed-collection_2611_2656","Royal Mail International Tracked Collection Heavier","Royal Mail","12.55",""
"outbound","IE","Ireland","Dublin","D02 X285","built-in","Large letter 1kg 35x25x2","dropoff","Shop","dpd-int-tracked-mail-dropoff_901_2644","DPD Lite Ireland","DPD","12.84",""
"outbound","IE","Ireland","Dublin","D02 X285","built-in","Large letter 1kg 35x25x2","dropoff","Shop","parcelforce-euro-priority-drop-shop","Parcelforce Worldwide - Euro Economy Drop Shop","Parcelforce","12.85",""
"outbound","IE","Ireland","Dublin","D02 X285","built-in","Large letter 1kg 35x25x2","collection","Collection","parcelforce-euro-priority","Parcelforce Worldwide - Euro Economy","Parcelforce","13.15",""
"outbound","IE","Ireland","Dublin","D02 X285","built-in","Large letter 1kg 35x25x2","dropoff","Shop","dpd-pickup-ireland","DPD Drop Off Ireland","DPD","13.86",""
"outbound","IE","Ireland","Dublin","D02 X285","built-in","Large letter 1kg 35x25x2","dropoff","Shop","fedex-world-express-dropoff_2633","FedEx International Connect Plus Drop Off","FedEx Express","14.06",""
"outbound","IE","Ireland","Dublin","D02 X285","built-in","Large letter 1kg 35x25x2","collection","Collection","ups-dap-standard","UPS Standard®","UPS","14.59",""
"outbound","IE","Ireland","Dublin","D02 X285","built-in","Large letter 1kg 35x25x2","dropoff","Shop","dpd-int-tracked-mail-dropoff_901","DPD Lite Ireland","DPD","14.82",""
"outbound","IE","Ireland","Dublin","D02 X285","built-in","Large letter 1kg 35x25x2","collection","Collection","fedex-world-express_2653","FedEx International Connect Plus","FedEx Express","15.49",""
"outbound","IE","Ireland","Dublin","D02 X285","built-in","Large letter 1kg 35x25x2","dropoff","Shop","ups-access-point-dap-express","UPS Express Saver™ - drop off","UPS Access Point","15.76",""
"outbound","IE","Ireland","Dublin","D02 X285","built-in","Large letter 1kg 35x25x2","collection","Collection","ups-dap-express-saver","UPS Express Saver®","UPS","17.91",""
"outbound","IE","Ireland","Dublin","D02 X285","built-in","Large letter 1kg 35x25x2","collection","Collection","fedex-regional-economy-dropoff_2308","FedEx Regional Economy®","FedEx Express","19.70",""
"outbound","IE","Ireland","Dublin","D02 X285","built-in","Large letter 1kg 35x25x2","collection","Collection","ups-dap-express","UPS Express®","UPS","30.62",""
"outbound","IE","Ireland","Dublin","D02 X285","built-in","Large letter 1kg 35x25x2","dropoff","Shop","fedex-world-express-dropoff","FedEx International Priority® DropOff","FedEx Express","31.83",""
"outbound","IE","Ireland","Dublin","D02 X285","built-in","Large letter 1kg 35x25x2","collection","Collection","fedex-world-express","FedEx International Priority®","FedEx Express","35.02",""
"outbound","IE","Ireland","Dublin","D02 X285","built-in","Small parcel 2kg 45x35x16","collection","Collection","dpd-ireland","DPD Ireland","DPD","10.70",""
"outbound","IE","Ireland","Dublin","D02 X285","built-in","Small parcel 2kg 45x35x16","dropoff","Shop","royalmail-int-signed-mp-dropoff_2655","Royal Mail International Tracked Heavier","Royal Mail","12.25",""
"outbound","IE","Ireland","Dublin","D02 X285","built-in","Small parcel 2kg 45x35x16","collection","Collection","royalmail-int-signed-collection_2611_2656","Royal Mail International Tracked Collection Heavier","Royal Mail","12.55",""
"outbound","IE","Ireland","Dublin","D02 X285","built-in","Small parcel 2kg 45x35x16","dropoff","Shop","dpd-pickup-ireland","DPD Drop Off Ireland","DPD","13.86",""
"outbound","IE","Ireland","Dublin","D02 X285","built-in","Small parcel 2kg 45x35x16","dropoff","Shop","ups-access-point-dap-euro","UPS Standard™ – drop off","UPS Access Point","18.06",""
"outbound","IE","Ireland","Dublin","D02 X285","built-in","Small parcel 2kg 45x35x16","collection","Collection","ups-dap-standard","UPS Standard®","UPS","20.21",""
"outbound","IE","Ireland","Dublin","D02 X285","built-in","Small parcel 2kg 45x35x16","dropoff","Shop","fedex-world-express-dropoff_2633","FedEx International Connect Plus Drop Off","FedEx Express","21.14",""
"outbound","IE","Ireland","Dublin","D02 X285","built-in","Small parcel 2kg 45x35x16","collection","Collection","fedex-world-express_2653","FedEx International Connect Plus","FedEx Express","22.77",""
"outbound","IE","Ireland","Dublin","D02 X285","built-in","Small parcel 2kg 45x35x16","dropoff","Shop","parcelforce-euro-priority-drop-shop","Parcelforce Worldwide - Euro Economy Drop Shop","Parcelforce","23.68",""
"outbound","IE","Ireland","Dublin","D02 X285","built-in","Small parcel 2kg 45x35x16","collection","Collection","parcelforce-euro-priority","Parcelforce Worldwide - Euro Economy","Parcelforce","23.98",""
"outbound","IE","Ireland","Dublin","D02 X285","built-in","Small parcel 2kg 45x35x16","dropoff","Shop","ups-access-point-dap-express","UPS Express Saver™ - drop off","UPS Access Point","25.91",""
"outbound","IE","Ireland","Dublin","D02 X285","built-in","Small parcel 2kg 45x35x16","collection","Collection","ups-dap-express-saver","UPS Express Saver®","UPS","28.06",""
"outbound","IE","Ireland","Dublin","D02 X285","built-in","Small parcel 2kg 45x35x16","collection","Collection","fedex-regional-economy-dropoff_2308","FedEx Regional Economy®","FedEx Express","29.25",""
"outbound","IE","Ireland","Dublin","D02 X285","built-in","Small parcel 2kg 45x35x16","collection","Collection","ups-dap-express","UPS Express®","UPS","42.03",""
"outbound","IE","Ireland","Dublin","D02 X285","built-in","Small parcel 2kg 45x35x16","dropoff","Shop","fedex-world-express-dropoff","FedEx International Priority® DropOff","FedEx Express","61.61",""
"outbound","IE","Ireland","Dublin","D02 X285","built-in","Small parcel 2kg 45x35x16","collection","Collection","fedex-world-express","FedEx International Priority®","FedEx Express","67.82",""
"outbound","IE","Ireland","Dublin","D02 X285","built-in","Racket (tennis/badminton/squash) 1kg 70x30x8","collection","Collection","dpd-ireland","DPD Ireland","DPD","10.70",""
"outbound","IE","Ireland","Dublin","D02 X285","built-in","Racket (tennis/badminton/squash) 1kg 70x30x8","dropoff","Shop","ups-access-point-dap-euro","UPS Standard™ – drop off","UPS Access Point","13.81",""
"outbound","IE","Ireland","Dublin","D02 X285","built-in","Racket (tennis/badminton/squash) 1kg 70x30x8","collection","Collection","ups-dap-standard","UPS Standard®","UPS","15.96",""
"outbound","IE","Ireland","Dublin","D02 X285","built-in","Racket (tennis/badminton/squash) 1kg 70x30x8","dropoff","Shop","fedex-world-express-dropoff_2633","FedEx International Connect Plus Drop Off","FedEx Express","18.69",""
"outbound","IE","Ireland","Dublin","D02 X285","built-in","Racket (tennis/badminton/squash) 1kg 70x30x8","dropoff","Shop","ups-access-point-dap-express","UPS Express Saver™ - drop off","UPS Access Point","19.02",""
"outbound","IE","Ireland","Dublin","D02 X285","built-in","Racket (tennis/badminton/squash) 1kg 70x30x8","collection","Collection","fedex-world-express_2653","FedEx International Connect Plus","FedEx Express","19.62",""
"outbound","IE","Ireland","Dublin","D02 X285","built-in","Racket (tennis/badminton/squash) 1kg 70x30x8","dropoff","Shop","parcelforce-euro-priority-drop-shop","Parcelforce Worldwide - Euro Economy Drop Shop","Parcelforce","20.22",""
"outbound","IE","Ireland","Dublin","D02 X285","built-in","Racket (tennis/badminton/squash) 1kg 70x30x8","collection","Collection","parcelforce-euro-priority","Parcelforce Worldwide - Euro Economy","Parcelforce","20.52",""
"outbound","IE","Ireland","Dublin","D02 X285","built-in","Racket (tennis/badminton/squash) 1kg 70x30x8","collection","Collection","ups-dap-express-saver","UPS Express Saver®","UPS","21.17",""
"outbound","IE","Ireland","Dublin","D02 X285","built-in","Racket (tennis/badminton/squash) 1kg 70x30x8","collection","Collection","fedex-regional-economy-dropoff_2308","FedEx Regional Economy®","FedEx Express","22.58",""
"outbound","IE","Ireland","Dublin","D02 X285","built-in","Racket (tennis/badminton/squash) 1kg 70x30x8","collection","Collection","ups-dap-express","UPS Express®","UPS","33.87",""
"outbound","IE","Ireland","Dublin","D02 X285","built-in","Racket (tennis/badminton/squash) 1kg 70x30x8","dropoff","Shop","fedex-world-express-dropoff","FedEx International Priority® DropOff","FedEx Express","48.67",""
"outbound","IE","Ireland","Dublin","D02 X285","built-in","Racket (tennis/badminton/squash) 1kg 70x30x8","collection","Collection","fedex-world-express","FedEx International Priority®","FedEx Express","53.49",""
"outbound","IE","Ireland","Dublin","D02 X285","built-in","Bag / padel racket 2kg 80x35x15","collection","Collection","dpd-ireland","DPD Ireland","DPD","10.70",""
"outbound","IE","Ireland","Dublin","D02 X285","built-in","Bag / padel racket 2kg 80x35x15","dropoff","Shop","ups-access-point-dap-euro","UPS Standard™ – drop off","UPS Access Point","18.06",""
"outbound","IE","Ireland","Dublin","D02 X285","built-in","Bag / padel racket 2kg 80x35x15","collection","Collection","ups-dap-standard","UPS Standard®","UPS","20.21",""
"outbound","IE","Ireland","Dublin","D02 X285","built-in","Bag / padel racket 2kg 80x35x15","dropoff","Shop","fedex-world-express-dropoff_2633","FedEx International Connect Plus Drop Off","FedEx Express","24.83",""
"outbound","IE","Ireland","Dublin","D02 X285","built-in","Bag / padel racket 2kg 80x35x15","dropoff","Shop","parcelforce-euro-priority-drop-shop","Parcelforce Worldwide - Euro Economy Drop Shop","Parcelforce","26.63",""
"outbound","IE","Ireland","Dublin","D02 X285","built-in","Bag / padel racket 2kg 80x35x15","dropoff","Shop","ups-access-point-dap-express","UPS Express Saver™ - drop off","UPS Access Point","26.73",""
"outbound","IE","Ireland","Dublin","D02 X285","built-in","Bag / padel racket 2kg 80x35x15","collection","Collection","parcelforce-euro-priority","Parcelforce Worldwide - Euro Economy","Parcelforce","26.93",""
"outbound","IE","Ireland","Dublin","D02 X285","built-in","Bag / padel racket 2kg 80x35x15","collection","Collection","fedex-world-express_2653","FedEx International Connect Plus","FedEx Express","28.19",""
"outbound","IE","Ireland","Dublin","D02 X285","built-in","Bag / padel racket 2kg 80x35x15","collection","Collection","ups-dap-express-saver","UPS Express Saver®","UPS","28.88",""
"outbound","IE","Ireland","Dublin","D02 X285","built-in","Bag / padel racket 2kg 80x35x15","collection","Collection","fedex-regional-economy-dropoff_2308","FedEx Regional Economy®","FedEx Express","34.81",""
"outbound","IE","Ireland","Dublin","D02 X285","built-in","Bag / padel racket 2kg 80x35x15","collection","Collection","ups-dap-express","UPS Express®","UPS","42.85",""
"outbound","IE","Ireland","Dublin","D02 X285","built-in","Bag / padel racket 2kg 80x35x15","dropoff","Shop","fedex-world-express-dropoff","FedEx International Priority® DropOff","FedEx Express","84.27",""
"outbound","IE","Ireland","Dublin","D02 X285","built-in","Bag / padel racket 2kg 80x35x15","collection","Collection","fedex-world-express","FedEx International Priority®","FedEx Express","92.75",""
"return","IE","Ireland","Dublin","D02 X285","built-in","Large letter 1kg 35x25x2","collection","Collection","mfb-fx-eco","FedEx International Economy","My Flying Box","153.63",""
"return","IE","Ireland","Dublin","D02 X285","built-in","Small parcel 2kg 45x35x16","collection","Collection","mfb-fx-eco","FedEx International Economy","My Flying Box","244.22",""
"return","IE","Ireland","Dublin","D02 X285","built-in","Racket (tennis/badminton/squash) 1kg 70x30x8","collection","Collection","mfb-fx-eco","FedEx International Economy","My Flying Box","211.10",""
"return","IE","Ireland","Dublin","D02 X285","built-in","Bag / padel racket 2kg 80x35x15","collection","Collection","mfb-fx-eco","FedEx International Economy","My Flying Box","299.90",""
"outbound","FR","France","Paris","75001","built-in","Large letter 1kg 35x25x2","dropoff","Shop","dpd-classic","DPD Drop Off Europe","DPD","9.98",""
"outbound","FR","France","Paris","75001","built-in","Large letter 1kg 35x25x2","dropoff","Shop","royalmail-int","Royal Mail International Tracked","Royal Mail","12.30",""
"outbound","FR","France","Paris","75001","built-in","Large letter 1kg 35x25x2","dropoff","Shop","ups-access-point-dap-euro","UPS Standard™ – drop off","UPS Access Point","12.44",""
"outbound","FR","France","Paris","75001","built-in","Large letter 1kg 35x25x2","collection","Collection","royalmail-int-tracked-collection","Royal Mail International Tracked Collection","Royal Mail","12.60",""
"outbound","FR","France","Paris","75001","built-in","Large letter 1kg 35x25x2","dropoff","Shop","royalmail-int-signed-mp-dropoff_2655","Royal Mail International Tracked Heavier","Royal Mail","12.90",""
"outbound","FR","France","Paris","75001","built-in","Large letter 1kg 35x25x2","collection","Collection","royalmail-int-signed-collection_2611_2656","Royal Mail International Tracked Collection Heavier","Royal Mail","13.20",""
"outbound","FR","France","Paris","75001","built-in","Large letter 1kg 35x25x2","dropoff","Shop","fedex-world-express-dropoff_2633","FedEx International Connect Plus Drop Off","FedEx Express","14.45",""
"outbound","FR","France","Paris","75001","built-in","Large letter 1kg 35x25x2","collection","Collection","ups-dap-standard","UPS Standard®","UPS","14.59",""
"outbound","FR","France","Paris","75001","built-in","Large letter 1kg 35x25x2","collection","Collection","dpd-classic-european","DPD Classic European","DPD","14.88",""
"outbound","FR","France","Paris","75001","built-in","Large letter 1kg 35x25x2","dropoff","Shop","ups-access-point-dap-express","UPS Express Saver™ - drop off","UPS Access Point","15.76",""
"outbound","FR","France","Paris","75001","built-in","Large letter 1kg 35x25x2","collection","Collection","fedex-world-express_2653","FedEx International Connect Plus","FedEx Express","15.94",""
"outbound","FR","France","Paris","75001","built-in","Large letter 1kg 35x25x2","dropoff","Shop","parcelforce-euro-priority-drop-shop","Parcelforce Worldwide - Euro Economy Drop Shop","Parcelforce","16.91",""
"outbound","FR","France","Paris","75001","built-in","Large letter 1kg 35x25x2","collection","Collection","parcelforce-euro-priority","Parcelforce Worldwide - Euro Economy","Parcelforce","17.21",""
"outbound","FR","France","Paris","75001","built-in","Large letter 1kg 35x25x2","collection","Collection","ups-dap-express-saver","UPS Express Saver®","UPS","17.91",""
"outbound","FR","France","Paris","75001","built-in","Large letter 1kg 35x25x2","collection","Collection","fedex-regional-economy-dropoff_2308","FedEx Regional Economy®","FedEx Express","18.76",""
"outbound","FR","France","Paris","75001","built-in","Large letter 1kg 35x25x2","dropoff","Shop","dpd-pickup-air-express","DPD Drop Off Express","DPD","26.40",""
"outbound","FR","France","Paris","75001","built-in","Large letter 1kg 35x25x2","collection","Collection","dpd-air-express","DPD Air Express","DPD","30.24",""
"outbound","FR","France","Paris","75001","built-in","Large letter 1kg 35x25x2","collection","Collection","ups-dap-express","UPS Express®","UPS","30.62",""
"outbound","FR","France","Paris","75001","built-in","Large letter 1kg 35x25x2","collection","Collection","dpd-air-classic","DPD Air Classic","DPD","31.02",""
"outbound","FR","France","Paris","75001","built-in","Large letter 1kg 35x25x2","dropoff","Shop","dpd-pickup-air-classic","DPD Drop Off International","DPD","31.69",""
"outbound","FR","France","Paris","75001","built-in","Large letter 1kg 35x25x2","dropoff","Shop","fedex-world-express-dropoff","FedEx International Priority® DropOff","FedEx Express","31.83",""
"outbound","FR","France","Paris","75001","built-in","Large letter 1kg 35x25x2","collection","Collection","fedex-world-express","FedEx International Priority®","FedEx Express","35.02",""
"outbound","FR","France","Paris","75001","built-in","Small parcel 2kg 45x35x16","dropoff","Shop","dpd-classic","DPD Drop Off Europe","DPD","9.98",""
"outbound","FR","France","Paris","75001","built-in","Small parcel 2kg 45x35x16","dropoff","Shop","royalmail-int-signed-mp-dropoff_2655","Royal Mail International Tracked Heavier","Royal Mail","12.90",""
"outbound","FR","France","Paris","75001","built-in","Small parcel 2kg 45x35x16","collection","Collection","royalmail-int-signed-collection_2611_2656","Royal Mail International Tracked Collection Heavier","Royal Mail","13.20",""
"outbound","FR","France","Paris","75001","built-in","Small parcel 2kg 45x35x16","collection","Collection","dpd-classic-european","DPD Classic European","DPD","14.88",""
"outbound","FR","France","Paris","75001","built-in","Small parcel 2kg 45x35x16","dropoff","Shop","ups-access-point-dap-euro","UPS Standard™ – drop off","UPS Access Point","18.06",""
"outbound","FR","France","Paris","75001","built-in","Small parcel 2kg 45x35x16","dropoff","Shop","parcelforce-euro-priority-drop-shop","Parcelforce Worldwide - Euro Economy Drop Shop","Parcelforce","19.29",""
"outbound","FR","France","Paris","75001","built-in","Small parcel 2kg 45x35x16","collection","Collection","parcelforce-euro-priority","Parcelforce Worldwide - Euro Economy","Parcelforce","19.59",""
"outbound","FR","France","Paris","75001","built-in","Small parcel 2kg 45x35x16","collection","Collection","ups-dap-standard","UPS Standard®","UPS","20.21",""
"outbound","FR","France","Paris","75001","built-in","Small parcel 2kg 45x35x16","collection","Collection","fedex-world-express_2653","FedEx International Connect Plus","FedEx Express","24.34",""
"outbound","FR","France","Paris","75001","built-in","Small parcel 2kg 45x35x16","dropoff","Shop","fedex-world-express-dropoff_2633","FedEx International Connect Plus Drop Off","FedEx Express","24.75",""
"outbound","FR","France","Paris","75001","built-in","Small parcel 2kg 45x35x16","dropoff","Shop","ups-access-point-dap-express","UPS Express Saver™ - drop off","UPS Access Point","25.91",""
"outbound","FR","France","Paris","75001","built-in","Small parcel 2kg 45x35x16","collection","Collection","fedex-regional-economy-dropoff_2308","FedEx Regional Economy®","FedEx Express","28.06",""
"outbound","FR","France","Paris","75001","built-in","Small parcel 2kg 45x35x16","collection","Collection","ups-dap-express-saver","UPS Express Saver®","UPS","28.06",""
"outbound","FR","France","Paris","75001","built-in","Small parcel 2kg 45x35x16","dropoff","Shop","dpd-pickup-air-classic","DPD Drop Off International","DPD","34.39",""
"outbound","FR","France","Paris","75001","built-in","Small parcel 2kg 45x35x16","collection","Collection","ups-dap-express","UPS Express®","UPS","42.03",""
"outbound","FR","France","Paris","75001","built-in","Small parcel 2kg 45x35x16","dropoff","Shop","dpd-pickup-air-express","DPD Drop Off Express","DPD","47.55",""
"outbound","FR","France","Paris","75001","built-in","Small parcel 2kg 45x35x16","collection","Collection","dpd-air-express","DPD Air Express","DPD","51.37",""
"outbound","FR","France","Paris","75001","built-in","Small parcel 2kg 45x35x16","collection","Collection","dpd-air-classic","DPD Air Classic","DPD","53.08",""
"outbound","FR","France","Paris","75001","built-in","Small parcel 2kg 45x35x16","dropoff","Shop","fedex-world-express-dropoff","FedEx International Priority® DropOff","FedEx Express","61.61",""
"outbound","FR","France","Paris","75001","built-in","Small parcel 2kg 45x35x16","collection","Collection","fedex-world-express","FedEx International Priority®","FedEx Express","67.82",""
"outbound","FR","France","Paris","75001","built-in","Racket (tennis/badminton/squash) 1kg 70x30x8","dropoff","Shop","ups-access-point-dap-euro","UPS Standard™ – drop off","UPS Access Point","13.81",""
"outbound","FR","France","Paris","75001","built-in","Racket (tennis/badminton/squash) 1kg 70x30x8","collection","Collection","dpd-classic-european","DPD Classic European","DPD","14.88",""
"outbound","FR","France","Paris","75001","built-in","Racket (tennis/badminton/squash) 1kg 70x30x8","collection","Collection","ups-dap-standard","UPS Standard®","UPS","15.96",""
"outbound","FR","France","Paris","75001","built-in","Racket (tennis/badminton/squash) 1kg 70x30x8","dropoff","Shop","ups-access-point-dap-express","UPS Express Saver™ - drop off","UPS Access Point","19.02",""
"outbound","FR","France","Paris","75001","built-in","Racket (tennis/badminton/squash) 1kg 70x30x8","dropoff","Shop","parcelforce-euro-priority-drop-shop","Parcelforce Worldwide - Euro Economy Drop Shop","Parcelforce","19.29",""
"outbound","FR","France","Paris","75001","built-in","Racket (tennis/badminton/squash) 1kg 70x30x8","collection","Collection","parcelforce-euro-priority","Parcelforce Worldwide - Euro Economy","Parcelforce","19.59",""
"outbound","FR","France","Paris","75001","built-in","Racket (tennis/badminton/squash) 1kg 70x30x8","collection","Collection","fedex-world-express_2653","FedEx International Connect Plus","FedEx Express","19.62",""
"outbound","FR","France","Paris","75001","built-in","Racket (tennis/badminton/squash) 1kg 70x30x8","dropoff","Shop","fedex-world-express-dropoff_2633","FedEx International Connect Plus Drop Off","FedEx Express","19.95",""
"outbound","FR","France","Paris","75001","built-in","Racket (tennis/badminton/squash) 1kg 70x30x8","collection","Collection","ups-dap-express-saver","UPS Express Saver®","UPS","21.17",""
"outbound","FR","France","Paris","75001","built-in","Racket (tennis/badminton/squash) 1kg 70x30x8","collection","Collection","fedex-regional-economy-dropoff_2308","FedEx Regional Economy®","FedEx Express","22.06",""
"outbound","FR","France","Paris","75001","built-in","Racket (tennis/badminton/squash) 1kg 70x30x8","collection","Collection","ups-dap-express","UPS Express®","UPS","33.87",""
"outbound","FR","France","Paris","75001","built-in","Racket (tennis/badminton/squash) 1kg 70x30x8","collection","Collection","dpd-air-express","DPD Air Express","DPD","42.93",""
"outbound","FR","France","Paris","75001","built-in","Racket (tennis/badminton/squash) 1kg 70x30x8","collection","Collection","dpd-air-classic","DPD Air Classic","DPD","44.21",""
"outbound","FR","France","Paris","75001","built-in","Racket (tennis/badminton/squash) 1kg 70x30x8","dropoff","Shop","fedex-world-express-dropoff","FedEx International Priority® DropOff","FedEx Express","48.67",""
"outbound","FR","France","Paris","75001","built-in","Racket (tennis/badminton/squash) 1kg 70x30x8","collection","Collection","fedex-world-express","FedEx International Priority®","FedEx Express","53.49",""
"outbound","FR","France","Paris","75001","built-in","Bag / padel racket 2kg 80x35x15","collection","Collection","dpd-classic-european","DPD Classic European","DPD","14.88",""
"outbound","FR","France","Paris","75001","built-in","Bag / padel racket 2kg 80x35x15","dropoff","Shop","ups-access-point-dap-euro","UPS Standard™ – drop off","UPS Access Point","18.06",""
"outbound","FR","France","Paris","75001","built-in","Bag / padel racket 2kg 80x35x15","dropoff","Shop","parcelforce-euro-priority-drop-shop","Parcelforce Worldwide - Euro Economy Drop Shop","Parcelforce","19.29",""
"outbound","FR","France","Paris","75001","built-in","Bag / padel racket 2kg 80x35x15","collection","Collection","parcelforce-euro-priority","Parcelforce Worldwide - Euro Economy","Parcelforce","19.59",""
"outbound","FR","France","Paris","75001","built-in","Bag / padel racket 2kg 80x35x15","collection","Collection","ups-dap-standard","UPS Standard®","UPS","20.21",""
"outbound","FR","France","Paris","75001","built-in","Bag / padel racket 2kg 80x35x15","dropoff","Shop","ups-access-point-dap-express","UPS Express Saver™ - drop off","UPS Access Point","26.73",""
"outbound","FR","France","Paris","75001","built-in","Bag / padel racket 2kg 80x35x15","collection","Collection","ups-dap-express-saver","UPS Express Saver®","UPS","28.88",""
"outbound","FR","France","Paris","75001","built-in","Bag / padel racket 2kg 80x35x15","collection","Collection","fedex-world-express_2653","FedEx International Connect Plus","FedEx Express","30.13",""
"outbound","FR","France","Paris","75001","built-in","Bag / padel racket 2kg 80x35x15","dropoff","Shop","fedex-world-express-dropoff_2633","FedEx International Connect Plus Drop Off","FedEx Express","30.58",""
"outbound","FR","France","Paris","75001","built-in","Bag / padel racket 2kg 80x35x15","collection","Collection","fedex-regional-economy-dropoff_2308","FedEx Regional Economy®","FedEx Express","39.60",""
"outbound","FR","France","Paris","75001","built-in","Bag / padel racket 2kg 80x35x15","collection","Collection","ups-dap-express","UPS Express®","UPS","42.85",""
"outbound","FR","France","Paris","75001","built-in","Bag / padel racket 2kg 80x35x15","collection","Collection","dpd-air-express","DPD Air Express","DPD","64.07",""
"outbound","FR","France","Paris","75001","built-in","Bag / padel racket 2kg 80x35x15","collection","Collection","dpd-air-classic","DPD Air Classic","DPD","66.27",""
"outbound","FR","France","Paris","75001","built-in","Bag / padel racket 2kg 80x35x15","dropoff","Shop","fedex-world-express-dropoff","FedEx International Priority® DropOff","FedEx Express","84.27",""
"outbound","FR","France","Paris","75001","built-in","Bag / padel racket 2kg 80x35x15","collection","Collection","fedex-world-express","FedEx International Priority®","FedEx Express","92.75",""
"return","FR","France","Paris","75001","built-in","Large letter 1kg 35x25x2","collection","Collection","mfb-fx-prio","FedEx International Priority","My Flying Box","51.68",""
"return","FR","France","Paris","75001","built-in","Large letter 1kg 35x25x2","collection","Collection","mfb-ups-standard","UPS Standard","My Flying Box","62.27",""
"return","FR","France","Paris","75001","built-in","Large letter 1kg 35x25x2","collection","Collection","mfb-dhl-worldwide-exp","DHL Worldwide Express","My Flying Box","70.29",""
"return","FR","France","Paris","75001","built-in","Large letter 1kg 35x25x2","collection","Collection","mfb-fx-eco","FedEx International Economy","My Flying Box","73.14",""
"return","FR","France","Paris","75001","built-in","Small parcel 2kg 45x35x16","collection","Collection","mfb-fx-prio","FedEx International Priority","My Flying Box","68.54",""
"return","FR","France","Paris","75001","built-in","Small parcel 2kg 45x35x16","collection","Collection","mfb-ups-standard","UPS Standard","My Flying Box","70.97",""
"return","FR","France","Paris","75001","built-in","Small parcel 2kg 45x35x16","collection","Collection","mfb-dhl-worldwide-exp","DHL Worldwide Express","My Flying Box","88.94",""
"return","FR","France","Paris","75001","built-in","Small parcel 2kg 45x35x16","collection","Collection","mfb-fx-eco","FedEx International Economy","My Flying Box","111.05",""
"return","FR","France","Paris","75001","built-in","Racket (tennis/badminton/squash) 1kg 70x30x8","collection","Collection","mfb-fx-prio","FedEx International Priority","My Flying Box","62.14",""
"return","FR","France","Paris","75001","built-in","Racket (tennis/badminton/squash) 1kg 70x30x8","collection","Collection","mfb-ups-standard","UPS Standard","My Flying Box","68.59",""
"return","FR","France","Paris","75001","built-in","Racket (tennis/badminton/squash) 1kg 70x30x8","collection","Collection","mfb-dhl-worldwide-exp","DHL Worldwide Express","My Flying Box","82.40",""
"return","FR","France","Paris","75001","built-in","Racket (tennis/badminton/squash) 1kg 70x30x8","collection","Collection","mfb-fx-eco","FedEx International Economy","My Flying Box","96.99",""
"return","FR","France","Paris","75001","built-in","Bag / padel racket 2kg 80x35x15","collection","Collection","mfb-ups-standard","UPS Standard","My Flying Box","75.29",""
"return","FR","France","Paris","75001","built-in","Bag / padel racket 2kg 80x35x15","collection","Collection","mfb-fx-prio","FedEx International Priority","My Flying Box","81.94",""
"return","FR","France","Paris","75001","built-in","Bag / padel racket 2kg 80x35x15","collection","Collection","mfb-dhl-worldwide-exp","DHL Worldwide Express","My Flying Box","110.00",""
"return","FR","France","Paris","75001","built-in","Bag / padel racket 2kg 80x35x15","collection","Collection","mfb-fx-eco","FedEx International Economy","My Flying Box","140.45",""
"outbound","DE","Germany","Berlin","10115","built-in","Large letter 1kg 35x25x2","dropoff","Shop","dpd-classic","DPD Drop Off Europe","DPD","9.37",""
"outbound","DE","Germany","Berlin","10115","built-in","Large letter 1kg 35x25x2","dropoff","Shop","dpd-int-tracked-mail-dropoff","DPD Lite","DPD","10.69",""
"outbound","DE","Germany","Berlin","10115","built-in","Large letter 1kg 35x25x2","dropoff","Shop","ups-access-point-dap-euro","UPS Standard™ – drop off","UPS Access Point","12.44",""
"outbound","DE","Germany","Berlin","10115","built-in","Large letter 1kg 35x25x2","collection","Collection","dpd-classic-european","DPD Classic European","DPD","14.16",""
"outbound","DE","Germany","Berlin","10115","built-in","Large letter 1kg 35x25x2","dropoff","Shop","fedex-world-express-dropoff_2633","FedEx International Connect Plus Drop Off","FedEx Express","14.45",""
"outbound","DE","Germany","Berlin","10115","built-in","Large letter 1kg 35x25x2","collection","Collection","ups-dap-standard","UPS Standard®","UPS","14.59",""
"outbound","DE","Germany","Berlin","10115","built-in","Large letter 1kg 35x25x2","dropoff","Shop","ups-access-point-dap-express","UPS Express Saver™ - drop off","UPS Access Point","15.76",""
"outbound","DE","Germany","Berlin","10115","built-in","Large letter 1kg 35x25x2","collection","Collection","fedex-world-express_2653","FedEx International Connect Plus","FedEx Express","15.94",""
"outbound","DE","Germany","Berlin","10115","built-in","Large letter 1kg 35x25x2","collection","Collection","ups-dap-express-saver","UPS Express Saver®","UPS","17.91",""
"outbound","DE","Germany","Berlin","10115","built-in","Large letter 1kg 35x25x2","collection","Collection","fedex-regional-economy-dropoff_2308","FedEx Regional Economy®","FedEx Express","18.76",""
"outbound","DE","Germany","Berlin","10115","built-in","Large letter 1kg 35x25x2","collection","Collection","dpd-air-classic","DPD Air Classic","DPD","26.91",""
"outbound","DE","Germany","Berlin","10115","built-in","Large letter 1kg 35x25x2","dropoff","Shop","dpd-pickup-air-express","DPD Drop Off Express","DPD","27.76",""
"outbound","DE","Germany","Berlin","10115","built-in","Large letter 1kg 35x25x2","collection","Collection","ups-dap-express","UPS Express®","UPS","30.62",""
"outbound","DE","Germany","Berlin","10115","built-in","Large letter 1kg 35x25x2","collection","Collection","dpd-air-express","DPD Air Express","DPD","31.58",""
"outbound","DE","Germany","Berlin","10115","built-in","Large letter 1kg 35x25x2","dropoff","Shop","dpd-pickup-air-classic","DPD Drop Off International","DPD","31.69",""
"outbound","DE","Germany","Berlin","10115","built-in","Large letter 1kg 35x25x2","dropoff","Shop","fedex-world-express-dropoff","FedEx International Priority® DropOff","FedEx Express","31.83",""
"outbound","DE","Germany","Berlin","10115","built-in","Large letter 1kg 35x25x2","collection","Collection","fedex-world-express","FedEx International Priority®","FedEx Express","35.02",""
"outbound","DE","Germany","Berlin","10115","built-in","Small parcel 2kg 45x35x16","dropoff","Shop","dpd-classic","DPD Drop Off Europe","DPD","9.37",""
"outbound","DE","Germany","Berlin","10115","built-in","Small parcel 2kg 45x35x16","collection","Collection","dpd-classic-european","DPD Classic European","DPD","14.16",""
"outbound","DE","Germany","Berlin","10115","built-in","Small parcel 2kg 45x35x16","dropoff","Shop","ups-access-point-dap-euro","UPS Standard™ – drop off","UPS Access Point","18.06",""
"outbound","DE","Germany","Berlin","10115","built-in","Small parcel 2kg 45x35x16","collection","Collection","ups-dap-standard","UPS Standard®","UPS","20.21",""
"outbound","DE","Germany","Berlin","10115","built-in","Small parcel 2kg 45x35x16","collection","Collection","fedex-world-express_2653","FedEx International Connect Plus","FedEx Express","24.34",""
"outbound","DE","Germany","Berlin","10115","built-in","Small parcel 2kg 45x35x16","dropoff","Shop","fedex-world-express-dropoff_2633","FedEx International Connect Plus Drop Off","FedEx Express","24.75",""
"outbound","DE","Germany","Berlin","10115","built-in","Small parcel 2kg 45x35x16","dropoff","Shop","ups-access-point-dap-express","UPS Express Saver™ - drop off","UPS Access Point","25.91",""
"outbound","DE","Germany","Berlin","10115","built-in","Small parcel 2kg 45x35x16","collection","Collection","ups-dap-express-saver","UPS Express Saver®","UPS","28.06",""
"outbound","DE","Germany","Berlin","10115","built-in","Small parcel 2kg 45x35x16","collection","Collection","fedex-regional-economy-dropoff_2308","FedEx Regional Economy®","FedEx Express","28.94",""
"outbound","DE","Germany","Berlin","10115","built-in","Small parcel 2kg 45x35x16","dropoff","Shop","dpd-pickup-air-classic","DPD Drop Off International","DPD","34.39",""
"outbound","DE","Germany","Berlin","10115","built-in","Small parcel 2kg 45x35x16","collection","Collection","ups-dap-express","UPS Express®","UPS","42.03",""
"outbound","DE","Germany","Berlin","10115","built-in","Small parcel 2kg 45x35x16","collection","Collection","dpd-air-classic","DPD Air Classic","DPD","49.07",""
"outbound","DE","Germany","Berlin","10115","built-in","Small parcel 2kg 45x35x16","dropoff","Shop","dpd-pickup-air-express","DPD Drop Off Express","DPD","51.03",""
"outbound","DE","Germany","Berlin","10115","built-in","Small parcel 2kg 45x35x16","collection","Collection","dpd-air-express","DPD Air Express","DPD","54.97",""
"outbound","DE","Germany","Berlin","10115","built-in","Small parcel 2kg 45x35x16","dropoff","Shop","fedex-world-express-dropoff","FedEx International Priority® DropOff","FedEx Express","61.61",""
"outbound","DE","Germany","Berlin","10115","built-in","Small parcel 2kg 45x35x16","collection","Collection","fedex-world-express","FedEx International Priority®","FedEx Express","67.82",""
"outbound","DE","Germany","Berlin","10115","built-in","Racket (tennis/badminton/squash) 1kg 70x30x8","dropoff","Shop","ups-access-point-dap-euro","UPS Standard™ – drop off","UPS Access Point","13.81",""
"outbound","DE","Germany","Berlin","10115","built-in","Racket (tennis/badminton/squash) 1kg 70x30x8","collection","Collection","dpd-classic-european","DPD Classic European","DPD","14.16",""
"outbound","DE","Germany","Berlin","10115","built-in","Racket (tennis/badminton/squash) 1kg 70x30x8","collection","Collection","ups-dap-standard","UPS Standard®","UPS","15.96",""
"outbound","DE","Germany","Berlin","10115","built-in","Racket (tennis/badminton/squash) 1kg 70x30x8","dropoff","Shop","ups-access-point-dap-express","UPS Express Saver™ - drop off","UPS Access Point","19.02",""
"outbound","DE","Germany","Berlin","10115","built-in","Racket (tennis/badminton/squash) 1kg 70x30x8","collection","Collection","fedex-world-express_2653","FedEx International Connect Plus","FedEx Express","19.62",""
"outbound","DE","Germany","Berlin","10115","built-in","Racket (tennis/badminton/squash) 1kg 70x30x8","dropoff","Shop","fedex-world-express-dropoff_2633","FedEx International Connect Plus Drop Off","FedEx Express","19.95",""
"outbound","DE","Germany","Berlin","10115","built-in","Racket (tennis/badminton/squash) 1kg 70x30x8","collection","Collection","ups-dap-express-saver","UPS Express Saver®","UPS","21.17",""
"outbound","DE","Germany","Berlin","10115","built-in","Racket (tennis/badminton/squash) 1kg 70x30x8","collection","Collection","fedex-regional-economy-dropoff_2308","FedEx Regional Economy®","FedEx Express","22.06",""
"outbound","DE","Germany","Berlin","10115","built-in","Racket (tennis/badminton/squash) 1kg 70x30x8","collection","Collection","ups-dap-express","UPS Express®","UPS","33.87",""
"outbound","DE","Germany","Berlin","10115","built-in","Racket (tennis/badminton/squash) 1kg 70x30x8","collection","Collection","dpd-air-classic","DPD Air Classic","DPD","40.21",""
"outbound","DE","Germany","Berlin","10115","built-in","Racket (tennis/badminton/squash) 1kg 70x30x8","collection","Collection","dpd-air-express","DPD Air Express","DPD","45.64",""
"outbound","DE","Germany","Berlin","10115","built-in","Racket (tennis/badminton/squash) 1kg 70x30x8","dropoff","Shop","fedex-world-express-dropoff","FedEx International Priority® DropOff","FedEx Express","48.67",""
"outbound","DE","Germany","Berlin","10115","built-in","Racket (tennis/badminton/squash) 1kg 70x30x8","collection","Collection","fedex-world-express","FedEx International Priority®","FedEx Express","53.49",""
"outbound","DE","Germany","Berlin","10115","built-in","Bag / padel racket 2kg 80x35x15","collection","Collection","dpd-classic-european","DPD Classic European","DPD","14.16",""
"outbound","DE","Germany","Berlin","10115","built-in","Bag / padel racket 2kg 80x35x15","dropoff","Shop","ups-access-point-dap-euro","UPS Standard™ – drop off","UPS Access Point","18.06",""
"outbound","DE","Germany","Berlin","10115","built-in","Bag / padel racket 2kg 80x35x15","collection","Collection","ups-dap-standard","UPS Standard®","UPS","20.21",""
"outbound","DE","Germany","Berlin","10115","built-in","Bag / padel racket 2kg 80x35x15","dropoff","Shop","ups-access-point-dap-express","UPS Express Saver™ - drop off","UPS Access Point","26.73",""
"outbound","DE","Germany","Berlin","10115","built-in","Bag / padel racket 2kg 80x35x15","collection","Collection","ups-dap-express-saver","UPS Express Saver®","UPS","28.88",""
"outbound","DE","Germany","Berlin","10115","built-in","Bag / padel racket 2kg 80x35x15","collection","Collection","fedex-world-express_2653","FedEx International Connect Plus","FedEx Express","30.13",""
"outbound","DE","Germany","Berlin","10115","built-in","Bag / padel racket 2kg 80x35x15","dropoff","Shop","fedex-world-express-dropoff_2633","FedEx International Connect Plus Drop Off","FedEx Express","30.58",""
"outbound","DE","Germany","Berlin","10115","built-in","Bag / padel racket 2kg 80x35x15","collection","Collection","fedex-regional-economy-dropoff_2308","FedEx Regional Economy®","FedEx Express","39.60",""
"outbound","DE","Germany","Berlin","10115","built-in","Bag / padel racket 2kg 80x35x15","collection","Collection","ups-dap-express","UPS Express®","UPS","42.85",""
"outbound","DE","Germany","Berlin","10115","built-in","Bag / padel racket 2kg 80x35x15","collection","Collection","dpd-air-classic","DPD Air Classic","DPD","62.38",""
"outbound","DE","Germany","Berlin","10115","built-in","Bag / padel racket 2kg 80x35x15","collection","Collection","dpd-air-express","DPD Air Express","DPD","68.90",""
"outbound","DE","Germany","Berlin","10115","built-in","Bag / padel racket 2kg 80x35x15","dropoff","Shop","fedex-world-express-dropoff","FedEx International Priority® DropOff","FedEx Express","84.27",""
"outbound","DE","Germany","Berlin","10115","built-in","Bag / padel racket 2kg 80x35x15","collection","Collection","fedex-world-express","FedEx International Priority®","FedEx Express","92.75",""
"return","DE","Germany","Berlin","10115","built-in","Large letter 1kg 35x25x2","collection","Collection","mfb-ups-standard","UPS Standard","My Flying Box","86.48",""
"return","DE","Germany","Berlin","10115","built-in","Large letter 1kg 35x25x2","collection","Collection","mfb-fx-eco","FedEx International Economy","My Flying Box","132.87",""
"return","DE","Germany","Berlin","10115","built-in","Small parcel 2kg 45x35x16","collection","Collection","mfb-ups-standard","UPS Standard","My Flying Box","88.31",""
"return","DE","Germany","Berlin","10115","built-in","Small parcel 2kg 45x35x16","collection","Collection","mfb-fx-eco","FedEx International Economy","My Flying Box","141.65",""
"return","DE","Germany","Berlin","10115","built-in","Racket (tennis/badminton/squash) 1kg 70x30x8","collection","Collection","mfb-ups-standard","UPS Standard","My Flying Box","86.72",""
"return","DE","Germany","Berlin","10115","built-in","Racket (tennis/badminton/squash) 1kg 70x30x8","collection","Collection","mfb-fx-eco","FedEx International Economy","My Flying Box","139.12",""
"return","DE","Germany","Berlin","10115","built-in","Bag / padel racket 2kg 80x35x15","collection","Collection","mfb-ups-standard","UPS Standard","My Flying Box","90.10",""
"return","DE","Germany","Berlin","10115","built-in","Bag / padel racket 2kg 80x35x15","collection","Collection","mfb-fx-eco","FedEx International Economy","My Flying Box","145.24",""
"outbound","JE","Jersey","St Helier","JE2 3AB","built-in","Large letter 1kg 35x25x2","dropoff","Shop","royalmail-int_2606","Royal Mail 48 Tracked Small","Royal Mail","3.04",""
"outbound","JE","Jersey","St Helier","JE2 3AB","built-in","Large letter 1kg 35x25x2","collection","Collection","royalmail-int_2606_2608","Royal Mail 48 Tracked Small Collection","Royal Mail","3.29",""
"outbound","JE","Jersey","St Helier","JE2 3AB","built-in","Large letter 1kg 35x25x2","dropoff","Shop","royalmail-int_2606_2607","Royal Mail 24 Tracked Small","Royal Mail","3.88",""
"outbound","JE","Jersey","St Helier","JE2 3AB","built-in","Large letter 1kg 35x25x2","collection","Collection","royalmail-int_2606_2608_2609","Royal Mail 24 Tracked Small Collection","Royal Mail","4.13",""
"outbound","JE","Jersey","St Helier","JE2 3AB","built-in","Large letter 1kg 35x25x2","dropoff","Shop","royalmail-int_2606_2616","Royal Mail 48 Tracked Medium","Royal Mail","4.63",""
"outbound","JE","Jersey","St Helier","JE2 3AB","built-in","Large letter 1kg 35x25x2","collection","Collection","royalmail-int_2606_2608_2618","Royal Mail 48 Tracked Medium Collection","Royal Mail","4.88",""
"outbound","JE","Jersey","St Helier","JE2 3AB","built-in","Large letter 1kg 35x25x2","dropoff","Shop","royalmail-int_2606_2607_2617","Royal Mail 24 Tracked Medium","Royal Mail","5.46",""
"outbound","JE","Jersey","St Helier","JE2 3AB","built-in","Large letter 1kg 35x25x2","collection","Collection","royalmail-int_2606_2608_2609_2619","Royal Mail 24 Tracked Medium Collection","Royal Mail","5.71",""
"outbound","JE","Jersey","St Helier","JE2 3AB","built-in","Large letter 1kg 35x25x2","collection","Collection","parcelforce-channel-islands","Parcelforce Worldwide - Channel Islands","Parcelforce","12.04",""
"outbound","JE","Jersey","St Helier","JE2 3AB","built-in","Large letter 1kg 35x25x2","dropoff","Shop","landmark-dropoff","Landmark Drop Shop","Landmark","19.82",""
"outbound","JE","Jersey","St Helier","JE2 3AB","built-in","Large letter 1kg 35x25x2","collection","Collection","landmark-collection","Landmark Collection","Landmark","20.60",""
"outbound","JE","Jersey","St Helier","JE2 3AB","built-in","Large letter 1kg 35x25x2","dropoff","Shop","ups-access-point-dap-euro","UPS Standard™ – drop off","UPS Access Point","24.20",""
"outbound","JE","Jersey","St Helier","JE2 3AB","built-in","Large letter 1kg 35x25x2","collection","Collection","ups-dap-standard","UPS Standard®","UPS","26.35",""
"outbound","JE","Jersey","St Helier","JE2 3AB","built-in","Large letter 1kg 35x25x2","dropoff","Shop","ups-access-point-dap-express","UPS Express Saver™ - drop off","UPS Access Point","36.42",""
"outbound","JE","Jersey","St Helier","JE2 3AB","built-in","Large letter 1kg 35x25x2","collection","Collection","ups-dap-express-saver","UPS Express Saver®","UPS","38.57",""
"outbound","JE","Jersey","St Helier","JE2 3AB","built-in","Small parcel 2kg 45x35x16","dropoff","Shop","royalmail-int_2606","Royal Mail 48 Tracked Small","Royal Mail","3.04",""
"outbound","JE","Jersey","St Helier","JE2 3AB","built-in","Small parcel 2kg 45x35x16","collection","Collection","royalmail-int_2606_2608","Royal Mail 48 Tracked Small Collection","Royal Mail","3.29",""
"outbound","JE","Jersey","St Helier","JE2 3AB","built-in","Small parcel 2kg 45x35x16","dropoff","Shop","royalmail-int_2606_2607","Royal Mail 24 Tracked Small","Royal Mail","3.88",""
"outbound","JE","Jersey","St Helier","JE2 3AB","built-in","Small parcel 2kg 45x35x16","collection","Collection","royalmail-int_2606_2608_2609","Royal Mail 24 Tracked Small Collection","Royal Mail","4.13",""
"outbound","JE","Jersey","St Helier","JE2 3AB","built-in","Small parcel 2kg 45x35x16","dropoff","Shop","royalmail-int_2606_2616","Royal Mail 48 Tracked Medium","Royal Mail","4.63",""
"outbound","JE","Jersey","St Helier","JE2 3AB","built-in","Small parcel 2kg 45x35x16","collection","Collection","royalmail-int_2606_2608_2618","Royal Mail 48 Tracked Medium Collection","Royal Mail","4.88",""
"outbound","JE","Jersey","St Helier","JE2 3AB","built-in","Small parcel 2kg 45x35x16","dropoff","Shop","royalmail-int_2606_2607_2617","Royal Mail 24 Tracked Medium","Royal Mail","5.46",""
"outbound","JE","Jersey","St Helier","JE2 3AB","built-in","Small parcel 2kg 45x35x16","collection","Collection","royalmail-int_2606_2608_2609_2619","Royal Mail 24 Tracked Medium Collection","Royal Mail","5.71",""
"outbound","JE","Jersey","St Helier","JE2 3AB","built-in","Small parcel 2kg 45x35x16","collection","Collection","parcelforce-channel-islands","Parcelforce Worldwide - Channel Islands","Parcelforce","19.47",""
"outbound","JE","Jersey","St Helier","JE2 3AB","built-in","Small parcel 2kg 45x35x16","dropoff","Shop","landmark-dropoff","Landmark Drop Shop","Landmark","30.18",""
"outbound","JE","Jersey","St Helier","JE2 3AB","built-in","Small parcel 2kg 45x35x16","collection","Collection","landmark-collection","Landmark Collection","Landmark","30.96",""
"outbound","JE","Jersey","St Helier","JE2 3AB","built-in","Small parcel 2kg 45x35x16","dropoff","Shop","ups-access-point-dap-euro","UPS Standard™ – drop off","UPS Access Point","34.39",""
"outbound","JE","Jersey","St Helier","JE2 3AB","built-in","Small parcel 2kg 45x35x16","collection","Collection","ups-dap-standard","UPS Standard®","UPS","36.54",""
"outbound","JE","Jersey","St Helier","JE2 3AB","built-in","Small parcel 2kg 45x35x16","dropoff","Shop","ups-access-point-dap-express","UPS Express Saver™ - drop off","UPS Access Point","51.61",""
"outbound","JE","Jersey","St Helier","JE2 3AB","built-in","Small parcel 2kg 45x35x16","collection","Collection","ups-dap-express-saver","UPS Express Saver®","UPS","53.76",""
"outbound","JE","Jersey","St Helier","JE2 3AB","built-in","Racket (tennis/badminton/squash) 1kg 70x30x8","collection","Collection","parcelforce-channel-islands","Parcelforce Worldwide - Channel Islands","Parcelforce","16.85",""
"outbound","JE","Jersey","St Helier","JE2 3AB","built-in","Racket (tennis/badminton/squash) 1kg 70x30x8","dropoff","Shop","ups-access-point-dap-euro","UPS Standard™ – drop off","UPS Access Point","25.46",""
"outbound","JE","Jersey","St Helier","JE2 3AB","built-in","Racket (tennis/badminton/squash) 1kg 70x30x8","dropoff","Shop","landmark-dropoff","Landmark Drop Shop","Landmark","26.73",""
"outbound","JE","Jersey","St Helier","JE2 3AB","built-in","Racket (tennis/badminton/squash) 1kg 70x30x8","collection","Collection","landmark-collection","Landmark Collection","Landmark","27.40",""
"outbound","JE","Jersey","St Helier","JE2 3AB","built-in","Racket (tennis/badminton/squash) 1kg 70x30x8","collection","Collection","ups-dap-standard","UPS Standard®","UPS","27.61",""
"outbound","JE","Jersey","St Helier","JE2 3AB","built-in","Racket (tennis/badminton/squash) 1kg 70x30x8","dropoff","Shop","ups-access-point-dap-express","UPS Express Saver™ - drop off","UPS Access Point","41.02",""
"outbound","JE","Jersey","St Helier","JE2 3AB","built-in","Racket (tennis/badminton/squash) 1kg 70x30x8","collection","Collection","ups-dap-express-saver","UPS Express Saver®","UPS","43.17",""
"outbound","JE","Jersey","St Helier","JE2 3AB","built-in","Bag / padel racket 2kg 80x35x15","collection","Collection","parcelforce-channel-islands","Parcelforce Worldwide - Channel Islands","Parcelforce","20.74",""
"outbound","JE","Jersey","St Helier","JE2 3AB","built-in","Bag / padel racket 2kg 80x35x15","dropoff","Shop","ups-access-point-dap-euro","UPS Standard™ – drop off","UPS Access Point","34.39",""
"outbound","JE","Jersey","St Helier","JE2 3AB","built-in","Bag / padel racket 2kg 80x35x15","dropoff","Shop","landmark-dropoff","Landmark Drop Shop","Landmark","36.31",""
"outbound","JE","Jersey","St Helier","JE2 3AB","built-in","Bag / padel racket 2kg 80x35x15","collection","Collection","ups-dap-standard","UPS Standard®","UPS","36.54",""
"outbound","JE","Jersey","St Helier","JE2 3AB","built-in","Bag / padel racket 2kg 80x35x15","collection","Collection","landmark-collection","Landmark Collection","Landmark","37.08",""
"outbound","JE","Jersey","St Helier","JE2 3AB","built-in","Bag / padel racket 2kg 80x35x15","dropoff","Shop","ups-access-point-dap-express","UPS Express Saver™ - drop off","UPS Access Point","54.10",""
"outbound","JE","Jersey","St Helier","JE2 3AB","built-in","Bag / padel racket 2kg 80x35x15","collection","Collection","ups-dap-express-saver","UPS Express Saver®","UPS","56.25",""
"return","JE","Jersey","St Helier","JE2 3AB","built-in","Large letter 1kg 35x25x2","","","","","","","No services returned"
"return","JE","Jersey","St Helier","JE2 3AB","built-in","Small parcel 2kg 45x35x16","","","","","","","No services returned"
"return","JE","Jersey","St Helier","JE2 3AB","built-in","Racket (tennis/badminton/squash) 1kg 70x30x8","","","","","","","No services returned"
"return","JE","Jersey","St Helier","JE2 3AB","built-in","Bag / padel racket 2kg 80x35x15","","","","","","","No services returned"
"outbound","GG","Guernsey","St Peter Port","GY1 1WW","built-in","Large letter 1kg 35x25x2","collection","Collection","parcelforce-channel-islands","Parcelforce Worldwide - Channel Islands","Parcelforce","11.80",""
"outbound","GG","Guernsey","St Peter Port","GY1 1WW","built-in","Large letter 1kg 35x25x2","dropoff","Shop","landmark-dropoff","Landmark Drop Shop","Landmark","19.82",""
"outbound","GG","Guernsey","St Peter Port","GY1 1WW","built-in","Large letter 1kg 35x25x2","collection","Collection","landmark-collection","Landmark Collection","Landmark","20.60",""
"outbound","GG","Guernsey","St Peter Port","GY1 1WW","built-in","Large letter 1kg 35x25x2","dropoff","Shop","ups-access-point-dap-euro","UPS Standard™ – drop off","UPS Access Point","24.20",""
"outbound","GG","Guernsey","St Peter Port","GY1 1WW","built-in","Large letter 1kg 35x25x2","collection","Collection","ups-dap-standard","UPS Standard®","UPS","26.35",""
"outbound","GG","Guernsey","St Peter Port","GY1 1WW","built-in","Large letter 1kg 35x25x2","dropoff","Shop","ups-access-point-dap-express","UPS Express Saver™ - drop off","UPS Access Point","36.42",""
"outbound","GG","Guernsey","St Peter Port","GY1 1WW","built-in","Large letter 1kg 35x25x2","collection","Collection","ups-dap-express-saver","UPS Express Saver®","UPS","38.57",""
"outbound","GG","Guernsey","St Peter Port","GY1 1WW","built-in","Small parcel 2kg 45x35x16","collection","Collection","parcelforce-channel-islands","Parcelforce Worldwide - Channel Islands","Parcelforce","19.08",""
"outbound","GG","Guernsey","St Peter Port","GY1 1WW","built-in","Small parcel 2kg 45x35x16","dropoff","Shop","landmark-dropoff","Landmark Drop Shop","Landmark","32.30",""
"outbound","GG","Guernsey","St Peter Port","GY1 1WW","built-in","Small parcel 2kg 45x35x16","collection","Collection","landmark-collection","Landmark Collection","Landmark","33.07",""
"outbound","GG","Guernsey","St Peter Port","GY1 1WW","built-in","Small parcel 2kg 45x35x16","dropoff","Shop","ups-access-point-dap-euro","UPS Standard™ – drop off","UPS Access Point","34.39",""
"outbound","GG","Guernsey","St Peter Port","GY1 1WW","built-in","Small parcel 2kg 45x35x16","collection","Collection","ups-dap-standard","UPS Standard®","UPS","36.54",""
"outbound","GG","Guernsey","St Peter Port","GY1 1WW","built-in","Small parcel 2kg 45x35x16","dropoff","Shop","ups-access-point-dap-express","UPS Express Saver™ - drop off","UPS Access Point","51.61",""
"outbound","GG","Guernsey","St Peter Port","GY1 1WW","built-in","Small parcel 2kg 45x35x16","collection","Collection","ups-dap-express-saver","UPS Express Saver®","UPS","53.76",""
"outbound","GG","Guernsey","St Peter Port","GY1 1WW","built-in","Racket (tennis/badminton/squash) 1kg 70x30x8","collection","Collection","parcelforce-channel-islands","Parcelforce Worldwide - Channel Islands","Parcelforce","16.51",""
"outbound","GG","Guernsey","St Peter Port","GY1 1WW","built-in","Racket (tennis/badminton/squash) 1kg 70x30x8","dropoff","Shop","ups-access-point-dap-euro","UPS Standard™ – drop off","UPS Access Point","25.46",""
"outbound","GG","Guernsey","St Peter Port","GY1 1WW","built-in","Racket (tennis/badminton/squash) 1kg 70x30x8","dropoff","Shop","landmark-dropoff","Landmark Drop Shop","Landmark","27.40",""
"outbound","GG","Guernsey","St Peter Port","GY1 1WW","built-in","Racket (tennis/badminton/squash) 1kg 70x30x8","collection","Collection","ups-dap-standard","UPS Standard®","UPS","27.61",""
"outbound","GG","Guernsey","St Peter Port","GY1 1WW","built-in","Racket (tennis/badminton/squash) 1kg 70x30x8","collection","Collection","landmark-collection","Landmark Collection","Landmark","28.18",""
"outbound","GG","Guernsey","St Peter Port","GY1 1WW","built-in","Racket (tennis/badminton/squash) 1kg 70x30x8","dropoff","Shop","ups-access-point-dap-express","UPS Express Saver™ - drop off","UPS Access Point","41.02",""
"outbound","GG","Guernsey","St Peter Port","GY1 1WW","built-in","Racket (tennis/badminton/squash) 1kg 70x30x8","collection","Collection","ups-dap-express-saver","UPS Express Saver®","UPS","43.17",""
"outbound","GG","Guernsey","St Peter Port","GY1 1WW","built-in","Bag / padel racket 2kg 80x35x15","collection","Collection","parcelforce-channel-islands","Parcelforce Worldwide - Channel Islands","Parcelforce","20.32",""
"outbound","GG","Guernsey","St Peter Port","GY1 1WW","built-in","Bag / padel racket 2kg 80x35x15","dropoff","Shop","ups-access-point-dap-euro","UPS Standard™ – drop off","UPS Access Point","34.39",""
"outbound","GG","Guernsey","St Peter Port","GY1 1WW","built-in","Bag / padel racket 2kg 80x35x15","collection","Collection","ups-dap-standard","UPS Standard®","UPS","36.54",""
"outbound","GG","Guernsey","St Peter Port","GY1 1WW","built-in","Bag / padel racket 2kg 80x35x15","dropoff","Shop","landmark-dropoff","Landmark Drop Shop","Landmark","38.98",""
"outbound","GG","Guernsey","St Peter Port","GY1 1WW","built-in","Bag / padel racket 2kg 80x35x15","collection","Collection","landmark-collection","Landmark Collection","Landmark","39.75",""
"outbound","GG","Guernsey","St Peter Port","GY1 1WW","built-in","Bag / padel racket 2kg 80x35x15","dropoff","Shop","ups-access-point-dap-express","UPS Express Saver™ - drop off","UPS Access Point","54.10",""
"outbound","GG","Guernsey","St Peter Port","GY1 1WW","built-in","Bag / padel racket 2kg 80x35x15","collection","Collection","ups-dap-express-saver","UPS Express Saver®","UPS","56.25",""
"return","GG","Guernsey","St Peter Port","GY1 1WW","built-in","Large letter 1kg 35x25x2","","","","","","","No services returned"
"return","GG","Guernsey","St Peter Port","GY1 1WW","built-in","Small parcel 2kg 45x35x16","","","","","","","No services returned"
"return","GG","Guernsey","St Peter Port","GY1 1WW","built-in","Racket (tennis/badminton/squash) 1kg 70x30x8","","","","","","","No services returned"
"return","GG","Guernsey","St Peter Port","GY1 1WW","built-in","Bag / padel racket 2kg 80x35x15","","","","","","","No services returned"
"outbound","IM","Isle of Man","Douglas","IM1 1EF","built-in","Large letter 1kg 35x25x2","dropoff","Shop","royalmail-largeletter-48","Royal Mail 48 Tracked Large Letter","Royal Mail","2.85",""
"outbound","IM","Isle of Man","Douglas","IM1 1EF","built-in","Large letter 1kg 35x25x2","dropoff","Shop","royalmail-int_2606","Royal Mail 48 Tracked Small","Royal Mail","3.65",""
"outbound","IM","Isle of Man","Douglas","IM1 1EF","built-in","Large letter 1kg 35x25x2","dropoff","Shop","royalmail-largeletter-24","Royal Mail 24 Tracked Large Letter","Royal Mail","3.80",""
"outbound","IM","Isle of Man","Douglas","IM1 1EF","built-in","Large letter 1kg 35x25x2","collection","Collection","royalmail-int_2606_2608","Royal Mail 48 Tracked Small Collection","Royal Mail","3.95",""
"outbound","IM","Isle of Man","Douglas","IM1 1EF","built-in","Large letter 1kg 35x25x2","dropoff","Shop","royalmail-int_2606_2607","Royal Mail 24 Tracked Small","Royal Mail","4.65",""
"outbound","IM","Isle of Man","Douglas","IM1 1EF","built-in","Large letter 1kg 35x25x2","collection","Collection","royalmail-int_2606_2608_2609","Royal Mail 24 Tracked Small Collection","Royal Mail","4.95",""
"outbound","IM","Isle of Man","Douglas","IM1 1EF","built-in","Large letter 1kg 35x25x2","dropoff","Shop","royalmail-int_2606_2616","Royal Mail 48 Tracked Medium","Royal Mail","5.55",""
"outbound","IM","Isle of Man","Douglas","IM1 1EF","built-in","Large letter 1kg 35x25x2","collection","Collection","royalmail-int_2606_2608_2618","Royal Mail 48 Tracked Medium Collection","Royal Mail","5.85",""
"outbound","IM","Isle of Man","Douglas","IM1 1EF","built-in","Large letter 1kg 35x25x2","dropoff","Shop","royalmail-int_2606_2607_2617","Royal Mail 24 Tracked Medium","Royal Mail","6.55",""
"outbound","IM","Isle of Man","Douglas","IM1 1EF","built-in","Large letter 1kg 35x25x2","collection","Collection","royalmail-int_2606_2608_2609_2619","Royal Mail 24 Tracked Medium Collection","Royal Mail","6.85",""
"outbound","IM","Isle of Man","Douglas","IM1 1EF","built-in","Large letter 1kg 35x25x2","collection","Collection","ups-dap-uk-express-saver","UPS Express Saver® by 12pm","UPS","12.72",""
"outbound","IM","Isle of Man","Douglas","IM1 1EF","built-in","Large letter 1kg 35x25x2","collection","Collection","ups-dap-express-uk","UPS Express® by 10.30am","UPS","18.54",""
"outbound","IM","Isle of Man","Douglas","IM1 1EF","built-in","Small parcel 2kg 45x35x16","dropoff","Shop","royalmail-int_2606","Royal Mail 48 Tracked Small","Royal Mail","3.65",""
"outbound","IM","Isle of Man","Douglas","IM1 1EF","built-in","Small parcel 2kg 45x35x16","collection","Collection","royalmail-int_2606_2608","Royal Mail 48 Tracked Small Collection","Royal Mail","3.95",""
"outbound","IM","Isle of Man","Douglas","IM1 1EF","built-in","Small parcel 2kg 45x35x16","dropoff","Shop","royalmail-int_2606_2607","Royal Mail 24 Tracked Small","Royal Mail","4.65",""
"outbound","IM","Isle of Man","Douglas","IM1 1EF","built-in","Small parcel 2kg 45x35x16","collection","Collection","royalmail-int_2606_2608_2609","Royal Mail 24 Tracked Small Collection","Royal Mail","4.95",""
"outbound","IM","Isle of Man","Douglas","IM1 1EF","built-in","Small parcel 2kg 45x35x16","dropoff","Shop","royalmail-int_2606_2616","Royal Mail 48 Tracked Medium","Royal Mail","5.55",""
"outbound","IM","Isle of Man","Douglas","IM1 1EF","built-in","Small parcel 2kg 45x35x16","collection","Collection","royalmail-int_2606_2608_2618","Royal Mail 48 Tracked Medium Collection","Royal Mail","5.85",""
"outbound","IM","Isle of Man","Douglas","IM1 1EF","built-in","Small parcel 2kg 45x35x16","dropoff","Shop","royalmail-int_2606_2607_2617","Royal Mail 24 Tracked Medium","Royal Mail","6.55",""
"outbound","IM","Isle of Man","Douglas","IM1 1EF","built-in","Small parcel 2kg 45x35x16","collection","Collection","royalmail-int_2606_2608_2609_2619","Royal Mail 24 Tracked Medium Collection","Royal Mail","6.85",""
"outbound","IM","Isle of Man","Douglas","IM1 1EF","built-in","Small parcel 2kg 45x35x16","collection","Collection","ups-dap-uk-express-saver","UPS Express Saver® by 12pm","UPS","15.06",""
"outbound","IM","Isle of Man","Douglas","IM1 1EF","built-in","Small parcel 2kg 45x35x16","collection","Collection","ups-dap-express-uk","UPS Express® by 10.30am","UPS","20.88",""
"outbound","IM","Isle of Man","Douglas","IM1 1EF","built-in","Racket (tennis/badminton/squash) 1kg 70x30x8","collection","Collection","ups-dap-uk-express-saver","UPS Express Saver® by 12pm","UPS","13.02",""
"outbound","IM","Isle of Man","Douglas","IM1 1EF","built-in","Racket (tennis/badminton/squash) 1kg 70x30x8","collection","Collection","ups-dap-express-uk","UPS Express® by 10.30am","UPS","18.84",""
"outbound","IM","Isle of Man","Douglas","IM1 1EF","built-in","Bag / padel racket 2kg 80x35x15","collection","Collection","ups-dap-uk-express-saver","UPS Express Saver® by 12pm","UPS","15.06",""
"outbound","IM","Isle of Man","Douglas","IM1 1EF","built-in","Bag / padel racket 2kg 80x35x15","collection","Collection","ups-dap-express-uk","UPS Express® by 10.30am","UPS","20.88",""
"return","IM","Isle of Man","Douglas","IM1 1EF","built-in","Large letter 1kg 35x25x2","dropoff","Shop","royalmail-largeletter-48","Royal Mail 48 Tracked Large Letter","Royal Mail","2.85",""
"return","IM","Isle of Man","Douglas","IM1 1EF","built-in","Large letter 1kg 35x25x2","dropoff","Shop","royalmail-int_2606","Royal Mail 48 Tracked Small","Royal Mail","3.65",""
"return","IM","Isle of Man","Douglas","IM1 1EF","built-in","Large letter 1kg 35x25x2","dropoff","Shop","royalmail-largeletter-24","Royal Mail 24 Tracked Large Letter","Royal Mail","3.80",""
"return","IM","Isle of Man","Douglas","IM1 1EF","built-in","Large letter 1kg 35x25x2","collection","Collection","royalmail-int_2606_2608","Royal Mail 48 Tracked Small Collection","Royal Mail","3.95",""
"return","IM","Isle of Man","Douglas","IM1 1EF","built-in","Large letter 1kg 35x25x2","dropoff","Shop","royalmail-int_2606_2607","Royal Mail 24 Tracked Small","Royal Mail","4.65",""
"return","IM","Isle of Man","Douglas","IM1 1EF","built-in","Large letter 1kg 35x25x2","collection","Collection","royalmail-int_2606_2608_2609","Royal Mail 24 Tracked Small Collection","Royal Mail","4.95",""
"return","IM","Isle of Man","Douglas","IM1 1EF","built-in","Large letter 1kg 35x25x2","dropoff","Shop","royalmail-int_2606_2616","Royal Mail 48 Tracked Medium","Royal Mail","5.55",""
"return","IM","Isle of Man","Douglas","IM1 1EF","built-in","Large letter 1kg 35x25x2","collection","Collection","royalmail-int_2606_2608_2618","Royal Mail 48 Tracked Medium Collection","Royal Mail","5.85",""
"return","IM","Isle of Man","Douglas","IM1 1EF","built-in","Large letter 1kg 35x25x2","dropoff","Shop","dpd_drop_off_economy","DPD Drop Off Economy Plus","DPD","6.23",""
"return","IM","Isle of Man","Douglas","IM1 1EF","built-in","Large letter 1kg 35x25x2","dropoff","Shop","royalmail-int_2606_2607_2617","Royal Mail 24 Tracked Medium","Royal Mail","6.55",""
"return","IM","Isle of Man","Douglas","IM1 1EF","built-in","Large letter 1kg 35x25x2","dropoff","Shop","dpd_2650","DPD Drop Off Small","DPD","6.72",""
"return","IM","Isle of Man","Douglas","IM1 1EF","built-in","Large letter 1kg 35x25x2","collection","Collection","royalmail-int_2606_2608_2609_2619","Royal Mail 24 Tracked Medium Collection","Royal Mail","6.85",""
"return","IM","Isle of Man","Douglas","IM1 1EF","built-in","Large letter 1kg 35x25x2","dropoff","Shop","dpd","DPD Drop Off","DPD","7.94",""
"return","IM","Isle of Man","Douglas","IM1 1EF","built-in","Large letter 1kg 35x25x2","collection","Collection","ups-dap-uk-express-saver","UPS Express Saver® by 12pm","UPS","12.72",""
"return","IM","Isle of Man","Douglas","IM1 1EF","built-in","Large letter 1kg 35x25x2","collection","Collection","ups-dap-express-uk","UPS Express® by 10.30am","UPS","18.54",""
"return","IM","Isle of Man","Douglas","IM1 1EF","built-in","Small parcel 2kg 45x35x16","dropoff","Shop","royalmail-int_2606","Royal Mail 48 Tracked Small","Royal Mail","3.65",""
"return","IM","Isle of Man","Douglas","IM1 1EF","built-in","Small parcel 2kg 45x35x16","collection","Collection","royalmail-int_2606_2608","Royal Mail 48 Tracked Small Collection","Royal Mail","3.95",""
"return","IM","Isle of Man","Douglas","IM1 1EF","built-in","Small parcel 2kg 45x35x16","dropoff","Shop","royalmail-int_2606_2607","Royal Mail 24 Tracked Small","Royal Mail","4.65",""
"return","IM","Isle of Man","Douglas","IM1 1EF","built-in","Small parcel 2kg 45x35x16","collection","Collection","royalmail-int_2606_2608_2609","Royal Mail 24 Tracked Small Collection","Royal Mail","4.95",""
"return","IM","Isle of Man","Douglas","IM1 1EF","built-in","Small parcel 2kg 45x35x16","dropoff","Shop","royalmail-int_2606_2616","Royal Mail 48 Tracked Medium","Royal Mail","5.55",""
"return","IM","Isle of Man","Douglas","IM1 1EF","built-in","Small parcel 2kg 45x35x16","collection","Collection","royalmail-int_2606_2608_2618","Royal Mail 48 Tracked Medium Collection","Royal Mail","5.85",""
"return","IM","Isle of Man","Douglas","IM1 1EF","built-in","Small parcel 2kg 45x35x16","dropoff","Shop","dpd_drop_off_economy","DPD Drop Off Economy Plus","DPD","6.42",""
"return","IM","Isle of Man","Douglas","IM1 1EF","built-in","Small parcel 2kg 45x35x16","dropoff","Shop","royalmail-int_2606_2607_2617","Royal Mail 24 Tracked Medium","Royal Mail","6.55",""
"return","IM","Isle of Man","Douglas","IM1 1EF","built-in","Small parcel 2kg 45x35x16","collection","Collection","royalmail-int_2606_2608_2609_2619","Royal Mail 24 Tracked Medium Collection","Royal Mail","6.85",""
"return","IM","Isle of Man","Douglas","IM1 1EF","built-in","Small parcel 2kg 45x35x16","dropoff","Shop","dpd","DPD Drop Off","DPD","7.99",""
"return","IM","Isle of Man","Douglas","IM1 1EF","built-in","Small parcel 2kg 45x35x16","collection","Collection","ups-dap-uk-express-saver","UPS Express Saver® by 12pm","UPS","15.06",""
"return","IM","Isle of Man","Douglas","IM1 1EF","built-in","Small parcel 2kg 45x35x16","collection","Collection","ups-dap-express-uk","UPS Express® by 10.30am","UPS","20.88",""
"return","IM","Isle of Man","Douglas","IM1 1EF","built-in","Racket (tennis/badminton/squash) 1kg 70x30x8","collection","Collection","ups-dap-uk-express-saver","UPS Express Saver® by 12pm","UPS","13.02",""
"return","IM","Isle of Man","Douglas","IM1 1EF","built-in","Racket (tennis/badminton/squash) 1kg 70x30x8","collection","Collection","ups-dap-express-uk","UPS Express® by 10.30am","UPS","18.84",""
"return","IM","Isle of Man","Douglas","IM1 1EF","built-in","Bag / padel racket 2kg 80x35x15","collection","Collection","ups-dap-uk-express-saver","UPS Express Saver® by 12pm","UPS","15.06",""
"return","IM","Isle of Man","Douglas","IM1 1EF","built-in","Bag / padel racket 2kg 80x35x15","collection","Collection","ups-dap-express-uk","UPS Express® by 10.30am","UPS","20.88",""
"outbound","GB-NIR","United Kingdom - Northern Ireland","Belfast","BT1 5GS","built-in","Large letter 1kg 35x25x2","dropoff","Shop","royalmail-largeletter-48","Royal Mail 48 Tracked Large Letter","Royal Mail","2.85",""
"outbound","GB-NIR","United Kingdom - Northern Ireland","Belfast","BT1 5GS","built-in","Large letter 1kg 35x25x2","dropoff","Shop","royalmail-largeletter-24","Royal Mail 24 Tracked Large Letter","Royal Mail","3.80",""
"outbound","GB-NIR","United Kingdom - Northern Ireland","Belfast","BT1 5GS","built-in","Large letter 1kg 35x25x2","collection","Collection","dhl-uk","DHL eCommerce UK Collection","DHL","10.57",""
"outbound","GB-NIR","United Kingdom - Northern Ireland","Belfast","BT1 5GS","built-in","Small parcel 2kg 45x35x16","collection","Collection","dhl-uk","DHL eCommerce UK Collection","DHL","11.22",""
"outbound","GB-NIR","United Kingdom - Northern Ireland","Belfast","BT1 5GS","built-in","Racket (tennis/badminton/squash) 1kg 70x30x8","","","","","","","No services returned"
"outbound","GB-NIR","United Kingdom - Northern Ireland","Belfast","BT1 5GS","built-in","Bag / padel racket 2kg 80x35x15","","","","","","","No services returned"
"return","GB-NIR","United Kingdom - Northern Ireland","Belfast","BT1 5GS","built-in","Large letter 1kg 35x25x2","dropoff","Shop","royalmail-largeletter-48","Royal Mail 48 Tracked Large Letter","Royal Mail","2.85",""
"return","GB-NIR","United Kingdom - Northern Ireland","Belfast","BT1 5GS","built-in","Large letter 1kg 35x25x2","dropoff","Shop","royalmail-int_2606","Royal Mail 48 Tracked Small","Royal Mail","3.65",""
"return","GB-NIR","United Kingdom - Northern Ireland","Belfast","BT1 5GS","built-in","Large letter 1kg 35x25x2","dropoff","Shop","royalmail-largeletter-24","Royal Mail 24 Tracked Large Letter","Royal Mail","3.80",""
"return","GB-NIR","United Kingdom - Northern Ireland","Belfast","BT1 5GS","built-in","Large letter 1kg 35x25x2","collection","Collection","royalmail-int_2606_2608","Royal Mail 48 Tracked Small Collection","Royal Mail","3.95",""
"return","GB-NIR","United Kingdom - Northern Ireland","Belfast","BT1 5GS","built-in","Large letter 1kg 35x25x2","dropoff","Shop","royalmail-int_2606_2607","Royal Mail 24 Tracked Small","Royal Mail","4.65",""
"return","GB-NIR","United Kingdom - Northern Ireland","Belfast","BT1 5GS","built-in","Large letter 1kg 35x25x2","collection","Collection","royalmail-int_2606_2608_2609","Royal Mail 24 Tracked Small Collection","Royal Mail","4.95",""
"return","GB-NIR","United Kingdom - Northern Ireland","Belfast","BT1 5GS","built-in","Large letter 1kg 35x25x2","dropoff","Shop","royalmail-int_2606_2616","Royal Mail 48 Tracked Medium","Royal Mail","5.55",""
"return","GB-NIR","United Kingdom - Northern Ireland","Belfast","BT1 5GS","built-in","Large letter 1kg 35x25x2","collection","Collection","royalmail-int_2606_2608_2618","Royal Mail 48 Tracked Medium Collection","Royal Mail","5.85",""
"return","GB-NIR","United Kingdom - Northern Ireland","Belfast","BT1 5GS","built-in","Large letter 1kg 35x25x2","dropoff","Shop","royalmail-int_2606_2607_2617","Royal Mail 24 Tracked Medium","Royal Mail","6.55",""
"return","GB-NIR","United Kingdom - Northern Ireland","Belfast","BT1 5GS","built-in","Large letter 1kg 35x25x2","collection","Collection","royalmail-int_2606_2608_2609_2619","Royal Mail 24 Tracked Medium Collection","Royal Mail","6.85",""
"return","GB-NIR","United Kingdom - Northern Ireland","Belfast","BT1 5GS","built-in","Large letter 1kg 35x25x2","collection","Collection","dhl-uk","DHL eCommerce UK Collection","DHL","10.57",""
"return","GB-NIR","United Kingdom - Northern Ireland","Belfast","BT1 5GS","built-in","Small parcel 2kg 45x35x16","dropoff","Shop","royalmail-int_2606","Royal Mail 48 Tracked Small","Royal Mail","3.65",""
"return","GB-NIR","United Kingdom - Northern Ireland","Belfast","BT1 5GS","built-in","Small parcel 2kg 45x35x16","collection","Collection","royalmail-int_2606_2608","Royal Mail 48 Tracked Small Collection","Royal Mail","3.95",""
"return","GB-NIR","United Kingdom - Northern Ireland","Belfast","BT1 5GS","built-in","Small parcel 2kg 45x35x16","dropoff","Shop","royalmail-int_2606_2607","Royal Mail 24 Tracked Small","Royal Mail","4.65",""
"return","GB-NIR","United Kingdom - Northern Ireland","Belfast","BT1 5GS","built-in","Small parcel 2kg 45x35x16","collection","Collection","royalmail-int_2606_2608_2609","Royal Mail 24 Tracked Small Collection","Royal Mail","4.95",""
"return","GB-NIR","United Kingdom - Northern Ireland","Belfast","BT1 5GS","built-in","Small parcel 2kg 45x35x16","dropoff","Shop","royalmail-int_2606_2616","Royal Mail 48 Tracked Medium","Royal Mail","5.55",""
"return","GB-NIR","United Kingdom - Northern Ireland","Belfast","BT1 5GS","built-in","Small parcel 2kg 45x35x16","collection","Collection","royalmail-int_2606_2608_2618","Royal Mail 48 Tracked Medium Collection","Royal Mail","5.85",""
"return","GB-NIR","United Kingdom - Northern Ireland","Belfast","BT1 5GS","built-in","Small parcel 2kg 45x35x16","dropoff","Shop","royalmail-int_2606_2607_2617","Royal Mail 24 Tracked Medium","Royal Mail","6.55",""
"return","GB-NIR","United Kingdom - Northern Ireland","Belfast","BT1 5GS","built-in","Small parcel 2kg 45x35x16","collection","Collection","royalmail-int_2606_2608_2609_2619","Royal Mail 24 Tracked Medium Collection","Royal Mail","6.85",""
"return","GB-NIR","United Kingdom - Northern Ireland","Belfast","BT1 5GS","built-in","Small parcel 2kg 45x35x16","collection","Collection","dhl-uk","DHL eCommerce UK Collection","DHL","11.22",""
"return","GB-NIR","United Kingdom - Northern Ireland","Belfast","BT1 5GS","built-in","Racket (tennis/badminton/squash) 1kg 70x30x8","","","","","","","No services returned"
"return","GB-NIR","United Kingdom - Northern Ireland","Belfast","BT1 5GS","built-in","Bag / padel racket 2kg 80x35x15","","","","","","","No services returned"
"outbound","GB-HIGH","United Kingdom - Scottish Highlands","Inverness","IV1 1QB","built-in","Large letter 1kg 35x25x2","dropoff","Shop","royalmail-largeletter-48","Royal Mail 48 Tracked Large Letter","Royal Mail","2.85",""
"outbound","GB-HIGH","United Kingdom - Scottish Highlands","Inverness","IV1 1QB","built-in","Large letter 1kg 35x25x2","dropoff","Shop","royalmail-int_2606","Royal Mail 48 Tracked Small","Royal Mail","3.65",""
"outbound","GB-HIGH","United Kingdom - Scottish Highlands","Inverness","IV1 1QB","built-in","Large letter 1kg 35x25x2","dropoff","Shop","royalmail-largeletter-24","Royal Mail 24 Tracked Large Letter","Royal Mail","3.80",""
"outbound","GB-HIGH","United Kingdom - Scottish Highlands","Inverness","IV1 1QB","built-in","Large letter 1kg 35x25x2","collection","Collection","royalmail-int_2606_2608","Royal Mail 48 Tracked Small Collection","Royal Mail","3.95",""
"outbound","GB-HIGH","United Kingdom - Scottish Highlands","Inverness","IV1 1QB","built-in","Large letter 1kg 35x25x2","dropoff","Shop","royalmail-int_2606_2607","Royal Mail 24 Tracked Small","Royal Mail","4.65",""
"outbound","GB-HIGH","United Kingdom - Scottish Highlands","Inverness","IV1 1QB","built-in","Large letter 1kg 35x25x2","collection","Collection","royalmail-int_2606_2608_2609","Royal Mail 24 Tracked Small Collection","Royal Mail","4.95",""
"outbound","GB-HIGH","United Kingdom - Scottish Highlands","Inverness","IV1 1QB","built-in","Large letter 1kg 35x25x2","dropoff","Shop","royalmail-int_2606_2616","Royal Mail 48 Tracked Medium","Royal Mail","5.55",""
"outbound","GB-HIGH","United Kingdom - Scottish Highlands","Inverness","IV1 1QB","built-in","Large letter 1kg 35x25x2","collection","Collection","royalmail-int_2606_2608_2618","Royal Mail 48 Tracked Medium Collection","Royal Mail","5.85",""
"outbound","GB-HIGH","United Kingdom - Scottish Highlands","Inverness","IV1 1QB","built-in","Large letter 1kg 35x25x2","dropoff","Shop","royalmail-int_2606_2607_2617","Royal Mail 24 Tracked Medium","Royal Mail","6.55",""
"outbound","GB-HIGH","United Kingdom - Scottish Highlands","Inverness","IV1 1QB","built-in","Large letter 1kg 35x25x2","collection","Collection","royalmail-int_2606_2608_2609_2619","Royal Mail 24 Tracked Medium Collection","Royal Mail","6.85",""
"outbound","GB-HIGH","United Kingdom - Scottish Highlands","Inverness","IV1 1QB","built-in","Large letter 1kg 35x25x2","collection","Collection","ups-dap-uk-express-saver","UPS Express Saver® by 12pm","UPS","12.72",""
"outbound","GB-HIGH","United Kingdom - Scottish Highlands","Inverness","IV1 1QB","built-in","Large letter 1kg 35x25x2","collection","Collection","ups-dap-express-uk","UPS Express® by 10.30am","UPS","18.54",""
"outbound","GB-HIGH","United Kingdom - Scottish Highlands","Inverness","IV1 1QB","built-in","Small parcel 2kg 45x35x16","dropoff","Shop","royalmail-int_2606","Royal Mail 48 Tracked Small","Royal Mail","3.65",""
"outbound","GB-HIGH","United Kingdom - Scottish Highlands","Inverness","IV1 1QB","built-in","Small parcel 2kg 45x35x16","collection","Collection","royalmail-int_2606_2608","Royal Mail 48 Tracked Small Collection","Royal Mail","3.95",""
"outbound","GB-HIGH","United Kingdom - Scottish Highlands","Inverness","IV1 1QB","built-in","Small parcel 2kg 45x35x16","dropoff","Shop","royalmail-int_2606_2607","Royal Mail 24 Tracked Small","Royal Mail","4.65",""
"outbound","GB-HIGH","United Kingdom - Scottish Highlands","Inverness","IV1 1QB","built-in","Small parcel 2kg 45x35x16","collection","Collection","royalmail-int_2606_2608_2609","Royal Mail 24 Tracked Small Collection","Royal Mail","4.95",""
"outbound","GB-HIGH","United Kingdom - Scottish Highlands","Inverness","IV1 1QB","built-in","Small parcel 2kg 45x35x16","dropoff","Shop","royalmail-int_2606_2616","Royal Mail 48 Tracked Medium","Royal Mail","5.55",""
"outbound","GB-HIGH","United Kingdom - Scottish Highlands","Inverness","IV1 1QB","built-in","Small parcel 2kg 45x35x16","collection","Collection","royalmail-int_2606_2608_2618","Royal Mail 48 Tracked Medium Collection","Royal Mail","5.85",""
"outbound","GB-HIGH","United Kingdom - Scottish Highlands","Inverness","IV1 1QB","built-in","Small parcel 2kg 45x35x16","dropoff","Shop","royalmail-int_2606_2607_2617","Royal Mail 24 Tracked Medium","Royal Mail","6.55",""
"outbound","GB-HIGH","United Kingdom - Scottish Highlands","Inverness","IV1 1QB","built-in","Small parcel 2kg 45x35x16","collection","Collection","royalmail-int_2606_2608_2609_2619","Royal Mail 24 Tracked Medium Collection","Royal Mail","6.85",""
"outbound","GB-HIGH","United Kingdom - Scottish Highlands","Inverness","IV1 1QB","built-in","Small parcel 2kg 45x35x16","collection","Collection","ups-dap-uk-express-saver","UPS Express Saver® by 12pm","UPS","15.06",""
"outbound","GB-HIGH","United Kingdom - Scottish Highlands","Inverness","IV1 1QB","built-in","Small parcel 2kg 45x35x16","collection","Collection","ups-dap-express-uk","UPS Express® by 10.30am","UPS","20.88",""
"outbound","GB-HIGH","United Kingdom - Scottish Highlands","Inverness","IV1 1QB","built-in","Racket (tennis/badminton/squash) 1kg 70x30x8","collection","Collection","ups-dap-uk-express-saver","UPS Express Saver® by 12pm","UPS","13.02",""
"outbound","GB-HIGH","United Kingdom - Scottish Highlands","Inverness","IV1 1QB","built-in","Racket (tennis/badminton/squash) 1kg 70x30x8","collection","Collection","ups-dap-express-uk","UPS Express® by 10.30am","UPS","18.84",""
"outbound","GB-HIGH","United Kingdom - Scottish Highlands","Inverness","IV1 1QB","built-in","Bag / padel racket 2kg 80x35x15","collection","Collection","ups-dap-uk-express-saver","UPS Express Saver® by 12pm","UPS","15.06",""
"outbound","GB-HIGH","United Kingdom - Scottish Highlands","Inverness","IV1 1QB","built-in","Bag / padel racket 2kg 80x35x15","collection","Collection","ups-dap-express-uk","UPS Express® by 10.30am","UPS","20.88",""
"return","GB-HIGH","United Kingdom - Scottish Highlands","Inverness","IV1 1QB","built-in","Large letter 1kg 35x25x2","dropoff","Shop","royalmail-largeletter-48","Royal Mail 48 Tracked Large Letter","Royal Mail","2.85",""
"return","GB-HIGH","United Kingdom - Scottish Highlands","Inverness","IV1 1QB","built-in","Large letter 1kg 35x25x2","dropoff","Shop","royalmail-int_2606","Royal Mail 48 Tracked Small","Royal Mail","3.65",""
"return","GB-HIGH","United Kingdom - Scottish Highlands","Inverness","IV1 1QB","built-in","Large letter 1kg 35x25x2","dropoff","Shop","royalmail-largeletter-24","Royal Mail 24 Tracked Large Letter","Royal Mail","3.80",""
"return","GB-HIGH","United Kingdom - Scottish Highlands","Inverness","IV1 1QB","built-in","Large letter 1kg 35x25x2","collection","Collection","royalmail-int_2606_2608","Royal Mail 48 Tracked Small Collection","Royal Mail","3.95",""
"return","GB-HIGH","United Kingdom - Scottish Highlands","Inverness","IV1 1QB","built-in","Large letter 1kg 35x25x2","dropoff","Shop","royalmail-int_2606_2607","Royal Mail 24 Tracked Small","Royal Mail","4.65",""
"return","GB-HIGH","United Kingdom - Scottish Highlands","Inverness","IV1 1QB","built-in","Large letter 1kg 35x25x2","collection","Collection","royalmail-int_2606_2608_2609","Royal Mail 24 Tracked Small Collection","Royal Mail","4.95",""
"return","GB-HIGH","United Kingdom - Scottish Highlands","Inverness","IV1 1QB","built-in","Large letter 1kg 35x25x2","dropoff","Shop","royalmail-int_2606_2616","Royal Mail 48 Tracked Medium","Royal Mail","5.55",""
"return","GB-HIGH","United Kingdom - Scottish Highlands","Inverness","IV1 1QB","built-in","Large letter 1kg 35x25x2","collection","Collection","royalmail-int_2606_2608_2618","Royal Mail 48 Tracked Medium Collection","Royal Mail","5.85",""
"return","GB-HIGH","United Kingdom - Scottish Highlands","Inverness","IV1 1QB","built-in","Large letter 1kg 35x25x2","dropoff","Shop","royalmail-int_2606_2607_2617","Royal Mail 24 Tracked Medium","Royal Mail","6.55",""
"return","GB-HIGH","United Kingdom - Scottish Highlands","Inverness","IV1 1QB","built-in","Large letter 1kg 35x25x2","collection","Collection","royalmail-int_2606_2608_2609_2619","Royal Mail 24 Tracked Medium Collection","Royal Mail","6.85",""
"return","GB-HIGH","United Kingdom - Scottish Highlands","Inverness","IV1 1QB","built-in","Large letter 1kg 35x25x2","collection","Collection","ups-dap-uk-express-saver","UPS Express Saver® by 12pm","UPS","12.72",""
"return","GB-HIGH","United Kingdom - Scottish Highlands","Inverness","IV1 1QB","built-in","Large letter 1kg 35x25x2","collection","Collection","ups-dap-express-uk","UPS Express® by 10.30am","UPS","18.54",""
"return","GB-HIGH","United Kingdom - Scottish Highlands","Inverness","IV1 1QB","built-in","Small parcel 2kg 45x35x16","dropoff","Shop","royalmail-int_2606","Royal Mail 48 Tracked Small","Royal Mail","3.65",""
"return","GB-HIGH","United Kingdom - Scottish Highlands","Inverness","IV1 1QB","built-in","Small parcel 2kg 45x35x16","collection","Collection","royalmail-int_2606_2608","Royal Mail 48 Tracked Small Collection","Royal Mail","3.95",""
"return","GB-HIGH","United Kingdom - Scottish Highlands","Inverness","IV1 1QB","built-in","Small parcel 2kg 45x35x16","dropoff","Shop","royalmail-int_2606_2607","Royal Mail 24 Tracked Small","Royal Mail","4.65",""
"return","GB-HIGH","United Kingdom - Scottish Highlands","Inverness","IV1 1QB","built-in","Small parcel 2kg 45x35x16","collection","Collection","royalmail-int_2606_2608_2609","Royal Mail 24 Tracked Small Collection","Royal Mail","4.95",""
"return","GB-HIGH","United Kingdom - Scottish Highlands","Inverness","IV1 1QB","built-in","Small parcel 2kg 45x35x16","dropoff","Shop","royalmail-int_2606_2616","Royal Mail 48 Tracked Medium","Royal Mail","5.55",""
"return","GB-HIGH","United Kingdom - Scottish Highlands","Inverness","IV1 1QB","built-in","Small parcel 2kg 45x35x16","collection","Collection","royalmail-int_2606_2608_2618","Royal Mail 48 Tracked Medium Collection","Royal Mail","5.85",""
"return","GB-HIGH","United Kingdom - Scottish Highlands","Inverness","IV1 1QB","built-in","Small parcel 2kg 45x35x16","dropoff","Shop","royalmail-int_2606_2607_2617","Royal Mail 24 Tracked Medium","Royal Mail","6.55",""
"return","GB-HIGH","United Kingdom - Scottish Highlands","Inverness","IV1 1QB","built-in","Small parcel 2kg 45x35x16","collection","Collection","royalmail-int_2606_2608_2609_2619","Royal Mail 24 Tracked Medium Collection","Royal Mail","6.85",""
"return","GB-HIGH","United Kingdom - Scottish Highlands","Inverness","IV1 1QB","built-in","Small parcel 2kg 45x35x16","collection","Collection","ups-dap-uk-express-saver","UPS Express Saver® by 12pm","UPS","15.06",""
"return","GB-HIGH","United Kingdom - Scottish Highlands","Inverness","IV1 1QB","built-in","Small parcel 2kg 45x35x16","collection","Collection","ups-dap-express-uk","UPS Express® by 10.30am","UPS","20.88",""
"return","GB-HIGH","United Kingdom - Scottish Highlands","Inverness","IV1 1QB","built-in","Racket (tennis/badminton/squash) 1kg 70x30x8","collection","Collection","ups-dap-uk-express-saver","UPS Express Saver® by 12pm","UPS","13.02",""
"return","GB-HIGH","United Kingdom - Scottish Highlands","Inverness","IV1 1QB","built-in","Racket (tennis/badminton/squash) 1kg 70x30x8","collection","Collection","ups-dap-express-uk","UPS Express® by 10.30am","UPS","18.84",""
"return","GB-HIGH","United Kingdom - Scottish Highlands","Inverness","IV1 1QB","built-in","Bag / padel racket 2kg 80x35x15","collection","Collection","ups-dap-uk-express-saver","UPS Express Saver® by 12pm","UPS","15.06",""
"return","GB-HIGH","United Kingdom - Scottish Highlands","Inverness","IV1 1QB","built-in","Bag / padel racket 2kg 80x35x15","collection","Collection","ups-dap-express-uk","UPS Express® by 10.30am","UPS","20.88",""
"outbound","GB-ORK","United Kingdom - Orkney","Kirkwall","KW15 1LX","built-in","Large letter 1kg 35x25x2","dropoff","Shop","royalmail-largeletter-48","Royal Mail 48 Tracked Large Letter","Royal Mail","2.85",""
"outbound","GB-ORK","United Kingdom - Orkney","Kirkwall","KW15 1LX","built-in","Large letter 1kg 35x25x2","dropoff","Shop","royalmail-int_2606","Royal Mail 48 Tracked Small","Royal Mail","3.65",""
"outbound","GB-ORK","United Kingdom - Orkney","Kirkwall","KW15 1LX","built-in","Large letter 1kg 35x25x2","dropoff","Shop","royalmail-largeletter-24","Royal Mail 24 Tracked Large Letter","Royal Mail","3.80",""
"outbound","GB-ORK","United Kingdom - Orkney","Kirkwall","KW15 1LX","built-in","Large letter 1kg 35x25x2","collection","Collection","royalmail-int_2606_2608","Royal Mail 48 Tracked Small Collection","Royal Mail","3.95",""
"outbound","GB-ORK","United Kingdom - Orkney","Kirkwall","KW15 1LX","built-in","Large letter 1kg 35x25x2","dropoff","Shop","royalmail-int_2606_2607","Royal Mail 24 Tracked Small","Royal Mail","4.65",""
"outbound","GB-ORK","United Kingdom - Orkney","Kirkwall","KW15 1LX","built-in","Large letter 1kg 35x25x2","collection","Collection","royalmail-int_2606_2608_2609","Royal Mail 24 Tracked Small Collection","Royal Mail","4.95",""
"outbound","GB-ORK","United Kingdom - Orkney","Kirkwall","KW15 1LX","built-in","Large letter 1kg 35x25x2","dropoff","Shop","royalmail-int_2606_2616","Royal Mail 48 Tracked Medium","Royal Mail","5.55",""
"outbound","GB-ORK","United Kingdom - Orkney","Kirkwall","KW15 1LX","built-in","Large letter 1kg 35x25x2","collection","Collection","royalmail-int_2606_2608_2618","Royal Mail 48 Tracked Medium Collection","Royal Mail","5.85",""
"outbound","GB-ORK","United Kingdom - Orkney","Kirkwall","KW15 1LX","built-in","Large letter 1kg 35x25x2","dropoff","Shop","royalmail-int_2606_2607_2617","Royal Mail 24 Tracked Medium","Royal Mail","6.55",""
"outbound","GB-ORK","United Kingdom - Orkney","Kirkwall","KW15 1LX","built-in","Large letter 1kg 35x25x2","collection","Collection","royalmail-int_2606_2608_2609_2619","Royal Mail 24 Tracked Medium Collection","Royal Mail","6.85",""
"outbound","GB-ORK","United Kingdom - Orkney","Kirkwall","KW15 1LX","built-in","Large letter 1kg 35x25x2","collection","Collection","ups-dap-uk-express-saver","UPS Express Saver® by 12pm","UPS","12.72",""
"outbound","GB-ORK","United Kingdom - Orkney","Kirkwall","KW15 1LX","built-in","Large letter 1kg 35x25x2","collection","Collection","ups-dap-express-uk","UPS Express® by 10.30am","UPS","18.54",""
"outbound","GB-ORK","United Kingdom - Orkney","Kirkwall","KW15 1LX","built-in","Large letter 1kg 35x25x2","dropoff","Shop","parcelforce-express-48-drop-off","Parcelforce Worldwide Express 48 Drop Off","Parcelforce","22.37",""
"outbound","GB-ORK","United Kingdom - Orkney","Kirkwall","KW15 1LX","built-in","Large letter 1kg 35x25x2","dropoff","Shop","parcelforce-express-24-drop-off","Parcelforce Worldwide Express 24 Drop Off","Parcelforce","22.81",""
"outbound","GB-ORK","United Kingdom - Orkney","Kirkwall","KW15 1LX","built-in","Large letter 1kg 35x25x2","collection","Collection","parcelforce-by-10am","Parcelforce Worldwide by 10am","Parcelforce","27.96",""
"outbound","GB-ORK","United Kingdom - Orkney","Kirkwall","KW15 1LX","built-in","Small parcel 2kg 45x35x16","dropoff","Shop","royalmail-int_2606","Royal Mail 48 Tracked Small","Royal Mail","3.65",""
"outbound","GB-ORK","United Kingdom - Orkney","Kirkwall","KW15 1LX","built-in","Small parcel 2kg 45x35x16","collection","Collection","royalmail-int_2606_2608","Royal Mail 48 Tracked Small Collection","Royal Mail","3.95",""
"outbound","GB-ORK","United Kingdom - Orkney","Kirkwall","KW15 1LX","built-in","Small parcel 2kg 45x35x16","dropoff","Shop","royalmail-int_2606_2607","Royal Mail 24 Tracked Small","Royal Mail","4.65",""
"outbound","GB-ORK","United Kingdom - Orkney","Kirkwall","KW15 1LX","built-in","Small parcel 2kg 45x35x16","collection","Collection","royalmail-int_2606_2608_2609","Royal Mail 24 Tracked Small Collection","Royal Mail","4.95",""
"outbound","GB-ORK","United Kingdom - Orkney","Kirkwall","KW15 1LX","built-in","Small parcel 2kg 45x35x16","dropoff","Shop","royalmail-int_2606_2616","Royal Mail 48 Tracked Medium","Royal Mail","5.55",""
"outbound","GB-ORK","United Kingdom - Orkney","Kirkwall","KW15 1LX","built-in","Small parcel 2kg 45x35x16","collection","Collection","royalmail-int_2606_2608_2618","Royal Mail 48 Tracked Medium Collection","Royal Mail","5.85",""
"outbound","GB-ORK","United Kingdom - Orkney","Kirkwall","KW15 1LX","built-in","Small parcel 2kg 45x35x16","dropoff","Shop","royalmail-int_2606_2607_2617","Royal Mail 24 Tracked Medium","Royal Mail","6.55",""
"outbound","GB-ORK","United Kingdom - Orkney","Kirkwall","KW15 1LX","built-in","Small parcel 2kg 45x35x16","collection","Collection","royalmail-int_2606_2608_2609_2619","Royal Mail 24 Tracked Medium Collection","Royal Mail","6.85",""
"outbound","GB-ORK","United Kingdom - Orkney","Kirkwall","KW15 1LX","built-in","Small parcel 2kg 45x35x16","collection","Collection","ups-dap-uk-express-saver","UPS Express Saver® by 12pm","UPS","15.06",""
"outbound","GB-ORK","United Kingdom - Orkney","Kirkwall","KW15 1LX","built-in","Small parcel 2kg 45x35x16","collection","Collection","ups-dap-express-uk","UPS Express® by 10.30am","UPS","20.88",""
"outbound","GB-ORK","United Kingdom - Orkney","Kirkwall","KW15 1LX","built-in","Small parcel 2kg 45x35x16","dropoff","Shop","parcelforce-express-48-drop-off","Parcelforce Worldwide Express 48 Drop Off","Parcelforce","22.39",""
"outbound","GB-ORK","United Kingdom - Orkney","Kirkwall","KW15 1LX","built-in","Small parcel 2kg 45x35x16","dropoff","Shop","parcelforce-express-24-drop-off","Parcelforce Worldwide Express 24 Drop Off","Parcelforce","22.86",""
"outbound","GB-ORK","United Kingdom - Orkney","Kirkwall","KW15 1LX","built-in","Small parcel 2kg 45x35x16","collection","Collection","parcelforce-by-10am","Parcelforce Worldwide by 10am","Parcelforce","27.96",""
"outbound","GB-ORK","United Kingdom - Orkney","Kirkwall","KW15 1LX","built-in","Racket (tennis/badminton/squash) 1kg 70x30x8","collection","Collection","ups-dap-uk-express-saver","UPS Express Saver® by 12pm","UPS","13.02",""
"outbound","GB-ORK","United Kingdom - Orkney","Kirkwall","KW15 1LX","built-in","Racket (tennis/badminton/squash) 1kg 70x30x8","collection","Collection","ups-dap-express-uk","UPS Express® by 10.30am","UPS","18.84",""
"outbound","GB-ORK","United Kingdom - Orkney","Kirkwall","KW15 1LX","built-in","Racket (tennis/badminton/squash) 1kg 70x30x8","dropoff","Shop","parcelforce-express-48-drop-off","Parcelforce Worldwide Express 48 Drop Off","Parcelforce","22.37",""
"outbound","GB-ORK","United Kingdom - Orkney","Kirkwall","KW15 1LX","built-in","Racket (tennis/badminton/squash) 1kg 70x30x8","dropoff","Shop","parcelforce-express-24-drop-off","Parcelforce Worldwide Express 24 Drop Off","Parcelforce","22.81",""
"outbound","GB-ORK","United Kingdom - Orkney","Kirkwall","KW15 1LX","built-in","Racket (tennis/badminton/squash) 1kg 70x30x8","collection","Collection","parcelforce-by-10am","Parcelforce Worldwide by 10am","Parcelforce","27.96",""
"outbound","GB-ORK","United Kingdom - Orkney","Kirkwall","KW15 1LX","built-in","Bag / padel racket 2kg 80x35x15","collection","Collection","ups-dap-uk-express-saver","UPS Express Saver® by 12pm","UPS","15.06",""
"outbound","GB-ORK","United Kingdom - Orkney","Kirkwall","KW15 1LX","built-in","Bag / padel racket 2kg 80x35x15","collection","Collection","ups-dap-express-uk","UPS Express® by 10.30am","UPS","20.88",""
"outbound","GB-ORK","United Kingdom - Orkney","Kirkwall","KW15 1LX","built-in","Bag / padel racket 2kg 80x35x15","dropoff","Shop","parcelforce-express-48-drop-off","Parcelforce Worldwide Express 48 Drop Off","Parcelforce","22.39",""
"outbound","GB-ORK","United Kingdom - Orkney","Kirkwall","KW15 1LX","built-in","Bag / padel racket 2kg 80x35x15","dropoff","Shop","parcelforce-express-24-drop-off","Parcelforce Worldwide Express 24 Drop Off","Parcelforce","22.86",""
"outbound","GB-ORK","United Kingdom - Orkney","Kirkwall","KW15 1LX","built-in","Bag / padel racket 2kg 80x35x15","collection","Collection","parcelforce-by-10am","Parcelforce Worldwide by 10am","Parcelforce","27.96",""
"return","GB-ORK","United Kingdom - Orkney","Kirkwall","KW15 1LX","built-in","Large letter 1kg 35x25x2","dropoff","Shop","royalmail-largeletter-48","Royal Mail 48 Tracked Large Letter","Royal Mail","2.85",""
"return","GB-ORK","United Kingdom - Orkney","Kirkwall","KW15 1LX","built-in","Large letter 1kg 35x25x2","dropoff","Shop","royalmail-int_2606","Royal Mail 48 Tracked Small","Royal Mail","3.65",""
"return","GB-ORK","United Kingdom - Orkney","Kirkwall","KW15 1LX","built-in","Large letter 1kg 35x25x2","dropoff","Shop","royalmail-largeletter-24","Royal Mail 24 Tracked Large Letter","Royal Mail","3.80",""
"return","GB-ORK","United Kingdom - Orkney","Kirkwall","KW15 1LX","built-in","Large letter 1kg 35x25x2","collection","Collection","royalmail-int_2606_2608","Royal Mail 48 Tracked Small Collection","Royal Mail","3.95",""
"return","GB-ORK","United Kingdom - Orkney","Kirkwall","KW15 1LX","built-in","Large letter 1kg 35x25x2","dropoff","Shop","royalmail-int_2606_2607","Royal Mail 24 Tracked Small","Royal Mail","4.65",""
"return","GB-ORK","United Kingdom - Orkney","Kirkwall","KW15 1LX","built-in","Large letter 1kg 35x25x2","collection","Collection","royalmail-int_2606_2608_2609","Royal Mail 24 Tracked Small Collection","Royal Mail","4.95",""
"return","GB-ORK","United Kingdom - Orkney","Kirkwall","KW15 1LX","built-in","Large letter 1kg 35x25x2","dropoff","Shop","royalmail-int_2606_2616","Royal Mail 48 Tracked Medium","Royal Mail","5.55",""
"return","GB-ORK","United Kingdom - Orkney","Kirkwall","KW15 1LX","built-in","Large letter 1kg 35x25x2","collection","Collection","royalmail-int_2606_2608_2618","Royal Mail 48 Tracked Medium Collection","Royal Mail","5.85",""
"return","GB-ORK","United Kingdom - Orkney","Kirkwall","KW15 1LX","built-in","Large letter 1kg 35x25x2","dropoff","Shop","dpd_drop_off_economy","DPD Drop Off Economy Plus","DPD","6.23",""
"return","GB-ORK","United Kingdom - Orkney","Kirkwall","KW15 1LX","built-in","Large letter 1kg 35x25x2","dropoff","Shop","royalmail-int_2606_2607_2617","Royal Mail 24 Tracked Medium","Royal Mail","6.55",""
"return","GB-ORK","United Kingdom - Orkney","Kirkwall","KW15 1LX","built-in","Large letter 1kg 35x25x2","dropoff","Shop","dpd_2650","DPD Drop Off Small","DPD","6.72",""
"return","GB-ORK","United Kingdom - Orkney","Kirkwall","KW15 1LX","built-in","Large letter 1kg 35x25x2","collection","Collection","royalmail-int_2606_2608_2609_2619","Royal Mail 24 Tracked Medium Collection","Royal Mail","6.85",""
"return","GB-ORK","United Kingdom - Orkney","Kirkwall","KW15 1LX","built-in","Large letter 1kg 35x25x2","dropoff","Shop","dpd","DPD Drop Off","DPD","7.94",""
"return","GB-ORK","United Kingdom - Orkney","Kirkwall","KW15 1LX","built-in","Large letter 1kg 35x25x2","collection","Collection","ups-dap-uk-express-saver","UPS Express Saver® by 12pm","UPS","12.72",""
"return","GB-ORK","United Kingdom - Orkney","Kirkwall","KW15 1LX","built-in","Large letter 1kg 35x25x2","collection","Collection","ups-dap-express-uk","UPS Express® by 10.30am","UPS","18.54",""
"return","GB-ORK","United Kingdom - Orkney","Kirkwall","KW15 1LX","built-in","Large letter 1kg 35x25x2","dropoff","Shop","parcelforce-express-48-drop-off","Parcelforce Worldwide Express 48 Drop Off","Parcelforce","22.37",""
"return","GB-ORK","United Kingdom - Orkney","Kirkwall","KW15 1LX","built-in","Large letter 1kg 35x25x2","dropoff","Shop","parcelforce-express-24-drop-off","Parcelforce Worldwide Express 24 Drop Off","Parcelforce","22.81",""
"return","GB-ORK","United Kingdom - Orkney","Kirkwall","KW15 1LX","built-in","Large letter 1kg 35x25x2","collection","Collection","parcelforce-by-10am","Parcelforce Worldwide by 10am","Parcelforce","27.96",""
"return","GB-ORK","United Kingdom - Orkney","Kirkwall","KW15 1LX","built-in","Small parcel 2kg 45x35x16","dropoff","Shop","royalmail-int_2606","Royal Mail 48 Tracked Small","Royal Mail","3.65",""
"return","GB-ORK","United Kingdom - Orkney","Kirkwall","KW15 1LX","built-in","Small parcel 2kg 45x35x16","collection","Collection","royalmail-int_2606_2608","Royal Mail 48 Tracked Small Collection","Royal Mail","3.95",""
"return","GB-ORK","United Kingdom - Orkney","Kirkwall","KW15 1LX","built-in","Small parcel 2kg 45x35x16","dropoff","Shop","royalmail-int_2606_2607","Royal Mail 24 Tracked Small","Royal Mail","4.65",""
"return","GB-ORK","United Kingdom - Orkney","Kirkwall","KW15 1LX","built-in","Small parcel 2kg 45x35x16","collection","Collection","royalmail-int_2606_2608_2609","Royal Mail 24 Tracked Small Collection","Royal Mail","4.95",""
"return","GB-ORK","United Kingdom - Orkney","Kirkwall","KW15 1LX","built-in","Small parcel 2kg 45x35x16","dropoff","Shop","royalmail-int_2606_2616","Royal Mail 48 Tracked Medium","Royal Mail","5.55",""
"return","GB-ORK","United Kingdom - Orkney","Kirkwall","KW15 1LX","built-in","Small parcel 2kg 45x35x16","collection","Collection","royalmail-int_2606_2608_2618","Royal Mail 48 Tracked Medium Collection","Royal Mail","5.85",""
"return","GB-ORK","United Kingdom - Orkney","Kirkwall","KW15 1LX","built-in","Small parcel 2kg 45x35x16","dropoff","Shop","dpd_drop_off_economy","DPD Drop Off Economy Plus","DPD","6.42",""
"return","GB-ORK","United Kingdom - Orkney","Kirkwall","KW15 1LX","built-in","Small parcel 2kg 45x35x16","dropoff","Shop","royalmail-int_2606_2607_2617","Royal Mail 24 Tracked Medium","Royal Mail","6.55",""
"return","GB-ORK","United Kingdom - Orkney","Kirkwall","KW15 1LX","built-in","Small parcel 2kg 45x35x16","collection","Collection","royalmail-int_2606_2608_2609_2619","Royal Mail 24 Tracked Medium Collection","Royal Mail","6.85",""
"return","GB-ORK","United Kingdom - Orkney","Kirkwall","KW15 1LX","built-in","Small parcel 2kg 45x35x16","dropoff","Shop","dpd","DPD Drop Off","DPD","7.99",""
"return","GB-ORK","United Kingdom - Orkney","Kirkwall","KW15 1LX","built-in","Small parcel 2kg 45x35x16","collection","Collection","ups-dap-uk-express-saver","UPS Express Saver® by 12pm","UPS","15.06",""
"return","GB-ORK","United Kingdom - Orkney","Kirkwall","KW15 1LX","built-in","Small parcel 2kg 45x35x16","collection","Collection","ups-dap-express-uk","UPS Express® by 10.30am","UPS","20.88",""
"return","GB-ORK","United Kingdom - Orkney","Kirkwall","KW15 1LX","built-in","Small parcel 2kg 45x35x16","dropoff","Shop","parcelforce-express-48-drop-off","Parcelforce Worldwide Express 48 Drop Off","Parcelforce","22.39",""
"return","GB-ORK","United Kingdom - Orkney","Kirkwall","KW15 1LX","built-in","Small parcel 2kg 45x35x16","dropoff","Shop","parcelforce-express-24-drop-off","Parcelforce Worldwide Express 24 Drop Off","Parcelforce","22.86",""
"return","GB-ORK","United Kingdom - Orkney","Kirkwall","KW15 1LX","built-in","Small parcel 2kg 45x35x16","collection","Collection","parcelforce-by-10am","Parcelforce Worldwide by 10am","Parcelforce","27.96",""
"return","GB-ORK","United Kingdom - Orkney","Kirkwall","KW15 1LX","built-in","Racket (tennis/badminton/squash) 1kg 70x30x8","collection","Collection","ups-dap-uk-express-saver","UPS Express Saver® by 12pm","UPS","13.02",""
"return","GB-ORK","United Kingdom - Orkney","Kirkwall","KW15 1LX","built-in","Racket (tennis/badminton/squash) 1kg 70x30x8","collection","Collection","ups-dap-express-uk","UPS Express® by 10.30am","UPS","18.84",""
"return","GB-ORK","United Kingdom - Orkney","Kirkwall","KW15 1LX","built-in","Racket (tennis/badminton/squash) 1kg 70x30x8","dropoff","Shop","parcelforce-express-48-drop-off","Parcelforce Worldwide Express 48 Drop Off","Parcelforce","22.37",""
"return","GB-ORK","United Kingdom - Orkney","Kirkwall","KW15 1LX","built-in","Racket (tennis/badminton/squash) 1kg 70x30x8","dropoff","Shop","parcelforce-express-24-drop-off","Parcelforce Worldwide Express 24 Drop Off","Parcelforce","22.81",""
"return","GB-ORK","United Kingdom - Orkney","Kirkwall","KW15 1LX","built-in","Racket (tennis/badminton/squash) 1kg 70x30x8","collection","Collection","parcelforce-by-10am","Parcelforce Worldwide by 10am","Parcelforce","27.96",""
"return","GB-ORK","United Kingdom - Orkney","Kirkwall","KW15 1LX","built-in","Bag / padel racket 2kg 80x35x15","collection","Collection","ups-dap-uk-express-saver","UPS Express Saver® by 12pm","UPS","15.06",""
"return","GB-ORK","United Kingdom - Orkney","Kirkwall","KW15 1LX","built-in","Bag / padel racket 2kg 80x35x15","collection","Collection","ups-dap-express-uk","UPS Express® by 10.30am","UPS","20.88",""
"return","GB-ORK","United Kingdom - Orkney","Kirkwall","KW15 1LX","built-in","Bag / padel racket 2kg 80x35x15","dropoff","Shop","parcelforce-express-48-drop-off","Parcelforce Worldwide Express 48 Drop Off","Parcelforce","22.39",""
"return","GB-ORK","United Kingdom - Orkney","Kirkwall","KW15 1LX","built-in","Bag / padel racket 2kg 80x35x15","dropoff","Shop","parcelforce-express-24-drop-off","Parcelforce Worldwide Express 24 Drop Off","Parcelforce","22.86",""
"return","GB-ORK","United Kingdom - Orkney","Kirkwall","KW15 1LX","built-in","Bag / padel racket 2kg 80x35x15","collection","Collection","parcelforce-by-10am","Parcelforce Worldwide by 10am","Parcelforce","27.96",""
"outbound","GB-SHE","United Kingdom - Shetland","Lerwick","ZE1 0LL","built-in","Large letter 1kg 35x25x2","dropoff","Shop","royalmail-largeletter-48","Royal Mail 48 Tracked Large Letter","Royal Mail","2.85",""
"outbound","GB-SHE","United Kingdom - Shetland","Lerwick","ZE1 0LL","built-in","Large letter 1kg 35x25x2","dropoff","Shop","royalmail-int_2606","Royal Mail 48 Tracked Small","Royal Mail","3.65",""
"outbound","GB-SHE","United Kingdom - Shetland","Lerwick","ZE1 0LL","built-in","Large letter 1kg 35x25x2","dropoff","Shop","royalmail-largeletter-24","Royal Mail 24 Tracked Large Letter","Royal Mail","3.80",""
"outbound","GB-SHE","United Kingdom - Shetland","Lerwick","ZE1 0LL","built-in","Large letter 1kg 35x25x2","collection","Collection","royalmail-int_2606_2608","Royal Mail 48 Tracked Small Collection","Royal Mail","3.95",""
"outbound","GB-SHE","United Kingdom - Shetland","Lerwick","ZE1 0LL","built-in","Large letter 1kg 35x25x2","dropoff","Shop","royalmail-int_2606_2607","Royal Mail 24 Tracked Small","Royal Mail","4.65",""
"outbound","GB-SHE","United Kingdom - Shetland","Lerwick","ZE1 0LL","built-in","Large letter 1kg 35x25x2","collection","Collection","royalmail-int_2606_2608_2609","Royal Mail 24 Tracked Small Collection","Royal Mail","4.95",""
"outbound","GB-SHE","United Kingdom - Shetland","Lerwick","ZE1 0LL","built-in","Large letter 1kg 35x25x2","dropoff","Shop","royalmail-int_2606_2616","Royal Mail 48 Tracked Medium","Royal Mail","5.55",""
"outbound","GB-SHE","United Kingdom - Shetland","Lerwick","ZE1 0LL","built-in","Large letter 1kg 35x25x2","collection","Collection","royalmail-int_2606_2608_2618","Royal Mail 48 Tracked Medium Collection","Royal Mail","5.85",""
"outbound","GB-SHE","United Kingdom - Shetland","Lerwick","ZE1 0LL","built-in","Large letter 1kg 35x25x2","dropoff","Shop","royalmail-int_2606_2607_2617","Royal Mail 24 Tracked Medium","Royal Mail","6.55",""
"outbound","GB-SHE","United Kingdom - Shetland","Lerwick","ZE1 0LL","built-in","Large letter 1kg 35x25x2","collection","Collection","royalmail-int_2606_2608_2609_2619","Royal Mail 24 Tracked Medium Collection","Royal Mail","6.85",""
"outbound","GB-SHE","United Kingdom - Shetland","Lerwick","ZE1 0LL","built-in","Small parcel 2kg 45x35x16","dropoff","Shop","royalmail-int_2606","Royal Mail 48 Tracked Small","Royal Mail","3.65",""
"outbound","GB-SHE","United Kingdom - Shetland","Lerwick","ZE1 0LL","built-in","Small parcel 2kg 45x35x16","collection","Collection","royalmail-int_2606_2608","Royal Mail 48 Tracked Small Collection","Royal Mail","3.95",""
"outbound","GB-SHE","United Kingdom - Shetland","Lerwick","ZE1 0LL","built-in","Small parcel 2kg 45x35x16","dropoff","Shop","royalmail-int_2606_2607","Royal Mail 24 Tracked Small","Royal Mail","4.65",""
"outbound","GB-SHE","United Kingdom - Shetland","Lerwick","ZE1 0LL","built-in","Small parcel 2kg 45x35x16","collection","Collection","royalmail-int_2606_2608_2609","Royal Mail 24 Tracked Small Collection","Royal Mail","4.95",""
"outbound","GB-SHE","United Kingdom - Shetland","Lerwick","ZE1 0LL","built-in","Small parcel 2kg 45x35x16","dropoff","Shop","royalmail-int_2606_2616","Royal Mail 48 Tracked Medium","Royal Mail","5.55",""
"outbound","GB-SHE","United Kingdom - Shetland","Lerwick","ZE1 0LL","built-in","Small parcel 2kg 45x35x16","collection","Collection","royalmail-int_2606_2608_2618","Royal Mail 48 Tracked Medium Collection","Royal Mail","5.85",""
"outbound","GB-SHE","United Kingdom - Shetland","Lerwick","ZE1 0LL","built-in","Small parcel 2kg 45x35x16","dropoff","Shop","royalmail-int_2606_2607_2617","Royal Mail 24 Tracked Medium","Royal Mail","6.55",""
"outbound","GB-SHE","United Kingdom - Shetland","Lerwick","ZE1 0LL","built-in","Small parcel 2kg 45x35x16","collection","Collection","royalmail-int_2606_2608_2609_2619","Royal Mail 24 Tracked Medium Collection","Royal Mail","6.85",""
"outbound","GB-SHE","United Kingdom - Shetland","Lerwick","ZE1 0LL","built-in","Racket (tennis/badminton/squash) 1kg 70x30x8","","","","","","","No services returned"
"outbound","GB-SHE","United Kingdom - Shetland","Lerwick","ZE1 0LL","built-in","Bag / padel racket 2kg 80x35x15","","","","","","","No services returned"
"return","GB-SHE","United Kingdom - Shetland","Lerwick","ZE1 0LL","built-in","Large letter 1kg 35x25x2","dropoff","Shop","royalmail-largeletter-48","Royal Mail 48 Tracked Large Letter","Royal Mail","2.85",""
"return","GB-SHE","United Kingdom - Shetland","Lerwick","ZE1 0LL","built-in","Large letter 1kg 35x25x2","dropoff","Shop","royalmail-int_2606","Royal Mail 48 Tracked Small","Royal Mail","3.65",""
"return","GB-SHE","United Kingdom - Shetland","Lerwick","ZE1 0LL","built-in","Large letter 1kg 35x25x2","dropoff","Shop","royalmail-largeletter-24","Royal Mail 24 Tracked Large Letter","Royal Mail","3.80",""
"return","GB-SHE","United Kingdom - Shetland","Lerwick","ZE1 0LL","built-in","Large letter 1kg 35x25x2","collection","Collection","royalmail-int_2606_2608","Royal Mail 48 Tracked Small Collection","Royal Mail","3.95",""
"return","GB-SHE","United Kingdom - Shetland","Lerwick","ZE1 0LL","built-in","Large letter 1kg 35x25x2","dropoff","Shop","royalmail-int_2606_2607","Royal Mail 24 Tracked Small","Royal Mail","4.65",""
"return","GB-SHE","United Kingdom - Shetland","Lerwick","ZE1 0LL","built-in","Large letter 1kg 35x25x2","collection","Collection","royalmail-int_2606_2608_2609","Royal Mail 24 Tracked Small Collection","Royal Mail","4.95",""
"return","GB-SHE","United Kingdom - Shetland","Lerwick","ZE1 0LL","built-in","Large letter 1kg 35x25x2","dropoff","Shop","royalmail-int_2606_2616","Royal Mail 48 Tracked Medium","Royal Mail","5.55",""
"return","GB-SHE","United Kingdom - Shetland","Lerwick","ZE1 0LL","built-in","Large letter 1kg 35x25x2","collection","Collection","royalmail-int_2606_2608_2618","Royal Mail 48 Tracked Medium Collection","Royal Mail","5.85",""
"return","GB-SHE","United Kingdom - Shetland","Lerwick","ZE1 0LL","built-in","Large letter 1kg 35x25x2","dropoff","Shop","dpd_drop_off_economy","DPD Drop Off Economy Plus","DPD","6.23",""
"return","GB-SHE","United Kingdom - Shetland","Lerwick","ZE1 0LL","built-in","Large letter 1kg 35x25x2","dropoff","Shop","royalmail-int_2606_2607_2617","Royal Mail 24 Tracked Medium","Royal Mail","6.55",""
"return","GB-SHE","United Kingdom - Shetland","Lerwick","ZE1 0LL","built-in","Large letter 1kg 35x25x2","dropoff","Shop","dpd_2650","DPD Drop Off Small","DPD","6.72",""
"return","GB-SHE","United Kingdom - Shetland","Lerwick","ZE1 0LL","built-in","Large letter 1kg 35x25x2","collection","Collection","royalmail-int_2606_2608_2609_2619","Royal Mail 24 Tracked Medium Collection","Royal Mail","6.85",""
"return","GB-SHE","United Kingdom - Shetland","Lerwick","ZE1 0LL","built-in","Large letter 1kg 35x25x2","dropoff","Shop","dpd","DPD Drop Off","DPD","7.94",""
"return","GB-SHE","United Kingdom - Shetland","Lerwick","ZE1 0LL","built-in","Small parcel 2kg 45x35x16","dropoff","Shop","royalmail-int_2606","Royal Mail 48 Tracked Small","Royal Mail","3.65",""
"return","GB-SHE","United Kingdom - Shetland","Lerwick","ZE1 0LL","built-in","Small parcel 2kg 45x35x16","collection","Collection","royalmail-int_2606_2608","Royal Mail 48 Tracked Small Collection","Royal Mail","3.95",""
"return","GB-SHE","United Kingdom - Shetland","Lerwick","ZE1 0LL","built-in","Small parcel 2kg 45x35x16","dropoff","Shop","royalmail-int_2606_2607","Royal Mail 24 Tracked Small","Royal Mail","4.65",""
"return","GB-SHE","United Kingdom - Shetland","Lerwick","ZE1 0LL","built-in","Small parcel 2kg 45x35x16","collection","Collection","royalmail-int_2606_2608_2609","Royal Mail 24 Tracked Small Collection","Royal Mail","4.95",""
"return","GB-SHE","United Kingdom - Shetland","Lerwick","ZE1 0LL","built-in","Small parcel 2kg 45x35x16","dropoff","Shop","royalmail-int_2606_2616","Royal Mail 48 Tracked Medium","Royal Mail","5.55",""
"return","GB-SHE","United Kingdom - Shetland","Lerwick","ZE1 0LL","built-in","Small parcel 2kg 45x35x16","collection","Collection","royalmail-int_2606_2608_2618","Royal Mail 48 Tracked Medium Collection","Royal Mail","5.85",""
"return","GB-SHE","United Kingdom - Shetland","Lerwick","ZE1 0LL","built-in","Small parcel 2kg 45x35x16","dropoff","Shop","dpd_drop_off_economy","DPD Drop Off Economy Plus","DPD","6.42",""
"return","GB-SHE","United Kingdom - Shetland","Lerwick","ZE1 0LL","built-in","Small parcel 2kg 45x35x16","dropoff","Shop","royalmail-int_2606_2607_2617","Royal Mail 24 Tracked Medium","Royal Mail","6.55",""
"return","GB-SHE","United Kingdom - Shetland","Lerwick","ZE1 0LL","built-in","Small parcel 2kg 45x35x16","collection","Collection","royalmail-int_2606_2608_2609_2619","Royal Mail 24 Tracked Medium Collection","Royal Mail","6.85",""
"return","GB-SHE","United Kingdom - Shetland","Lerwick","ZE1 0LL","built-in","Small parcel 2kg 45x35x16","dropoff","Shop","dpd","DPD Drop Off","DPD","7.99",""
"return","GB-SHE","United Kingdom - Shetland","Lerwick","ZE1 0LL","built-in","Racket (tennis/badminton/squash) 1kg 70x30x8","","","","","","","No services returned"
"return","GB-SHE","United Kingdom - Shetland","Lerwick","ZE1 0LL","built-in","Bag / padel racket 2kg 80x35x15","","","","","","","No services returned"
"outbound","GB-WIS","United Kingdom - Western Isles","Stornoway","HS1 2DD","built-in","Large letter 1kg 35x25x2","dropoff","Shop","royalmail-largeletter-48","Royal Mail 48 Tracked Large Letter","Royal Mail","2.85",""
"outbound","GB-WIS","United Kingdom - Western Isles","Stornoway","HS1 2DD","built-in","Large letter 1kg 35x25x2","dropoff","Shop","royalmail-int_2606","Royal Mail 48 Tracked Small","Royal Mail","3.65",""
"outbound","GB-WIS","United Kingdom - Western Isles","Stornoway","HS1 2DD","built-in","Large letter 1kg 35x25x2","dropoff","Shop","royalmail-largeletter-24","Royal Mail 24 Tracked Large Letter","Royal Mail","3.80",""
"outbound","GB-WIS","United Kingdom - Western Isles","Stornoway","HS1 2DD","built-in","Large letter 1kg 35x25x2","collection","Collection","royalmail-int_2606_2608","Royal Mail 48 Tracked Small Collection","Royal Mail","3.95",""
"outbound","GB-WIS","United Kingdom - Western Isles","Stornoway","HS1 2DD","built-in","Large letter 1kg 35x25x2","dropoff","Shop","royalmail-int_2606_2607","Royal Mail 24 Tracked Small","Royal Mail","4.65",""
"outbound","GB-WIS","United Kingdom - Western Isles","Stornoway","HS1 2DD","built-in","Large letter 1kg 35x25x2","collection","Collection","royalmail-int_2606_2608_2609","Royal Mail 24 Tracked Small Collection","Royal Mail","4.95",""
"outbound","GB-WIS","United Kingdom - Western Isles","Stornoway","HS1 2DD","built-in","Large letter 1kg 35x25x2","dropoff","Shop","royalmail-int_2606_2616","Royal Mail 48 Tracked Medium","Royal Mail","5.55",""
"outbound","GB-WIS","United Kingdom - Western Isles","Stornoway","HS1 2DD","built-in","Large letter 1kg 35x25x2","collection","Collection","royalmail-int_2606_2608_2618","Royal Mail 48 Tracked Medium Collection","Royal Mail","5.85",""
"outbound","GB-WIS","United Kingdom - Western Isles","Stornoway","HS1 2DD","built-in","Large letter 1kg 35x25x2","dropoff","Shop","royalmail-int_2606_2607_2617","Royal Mail 24 Tracked Medium","Royal Mail","6.55",""
"outbound","GB-WIS","United Kingdom - Western Isles","Stornoway","HS1 2DD","built-in","Large letter 1kg 35x25x2","collection","Collection","royalmail-int_2606_2608_2609_2619","Royal Mail 24 Tracked Medium Collection","Royal Mail","6.85",""
"outbound","GB-WIS","United Kingdom - Western Isles","Stornoway","HS1 2DD","built-in","Large letter 1kg 35x25x2","collection","Collection","ups-dap-uk-express-saver","UPS Express Saver® by 12pm","UPS","12.72",""
"outbound","GB-WIS","United Kingdom - Western Isles","Stornoway","HS1 2DD","built-in","Large letter 1kg 35x25x2","collection","Collection","ups-dap-express-uk","UPS Express® by 10.30am","UPS","18.54",""
"outbound","GB-WIS","United Kingdom - Western Isles","Stornoway","HS1 2DD","built-in","Large letter 1kg 35x25x2","dropoff","Shop","parcelforce-express-48-drop-off","Parcelforce Worldwide Express 48 Drop Off","Parcelforce","22.37",""
"outbound","GB-WIS","United Kingdom - Western Isles","Stornoway","HS1 2DD","built-in","Large letter 1kg 35x25x2","dropoff","Shop","parcelforce-express-24-drop-off","Parcelforce Worldwide Express 24 Drop Off","Parcelforce","22.81",""
"outbound","GB-WIS","United Kingdom - Western Isles","Stornoway","HS1 2DD","built-in","Large letter 1kg 35x25x2","collection","Collection","parcelforce-by-10am","Parcelforce Worldwide by 10am","Parcelforce","27.96",""
"outbound","GB-WIS","United Kingdom - Western Isles","Stornoway","HS1 2DD","built-in","Large letter 1kg 35x25x2","dropoff","Shop","fedex-uk-express-dropoff_895","FedEx Economy Drop Off","FedEx Express","30.78",""
"outbound","GB-WIS","United Kingdom - Western Isles","Stornoway","HS1 2DD","built-in","Large letter 1kg 35x25x2","dropoff","Shop","fedex-uk-express-dropoff","FedEx Priority Drop Off","FedEx Express","30.79",""
"outbound","GB-WIS","United Kingdom - Western Isles","Stornoway","HS1 2DD","built-in","Large letter 1kg 35x25x2","collection","Collection","fedex-uk-economy-1","FedEx Economy Collection","FedEx Express","35.78",""
"outbound","GB-WIS","United Kingdom - Western Isles","Stornoway","HS1 2DD","built-in","Large letter 1kg 35x25x2","collection","Collection","fedex-uk-express","FedEx Priority Collection","FedEx Express","37.48",""
"outbound","GB-WIS","United Kingdom - Western Isles","Stornoway","HS1 2DD","built-in","Small parcel 2kg 45x35x16","dropoff","Shop","royalmail-int_2606","Royal Mail 48 Tracked Small","Royal Mail","3.65",""
"outbound","GB-WIS","United Kingdom - Western Isles","Stornoway","HS1 2DD","built-in","Small parcel 2kg 45x35x16","collection","Collection","royalmail-int_2606_2608","Royal Mail 48 Tracked Small Collection","Royal Mail","3.95",""
"outbound","GB-WIS","United Kingdom - Western Isles","Stornoway","HS1 2DD","built-in","Small parcel 2kg 45x35x16","dropoff","Shop","royalmail-int_2606_2607","Royal Mail 24 Tracked Small","Royal Mail","4.65",""
"outbound","GB-WIS","United Kingdom - Western Isles","Stornoway","HS1 2DD","built-in","Small parcel 2kg 45x35x16","collection","Collection","royalmail-int_2606_2608_2609","Royal Mail 24 Tracked Small Collection","Royal Mail","4.95",""
"outbound","GB-WIS","United Kingdom - Western Isles","Stornoway","HS1 2DD","built-in","Small parcel 2kg 45x35x16","dropoff","Shop","royalmail-int_2606_2616","Royal Mail 48 Tracked Medium","Royal Mail","5.55",""
"outbound","GB-WIS","United Kingdom - Western Isles","Stornoway","HS1 2DD","built-in","Small parcel 2kg 45x35x16","collection","Collection","royalmail-int_2606_2608_2618","Royal Mail 48 Tracked Medium Collection","Royal Mail","5.85",""
"outbound","GB-WIS","United Kingdom - Western Isles","Stornoway","HS1 2DD","built-in","Small parcel 2kg 45x35x16","dropoff","Shop","royalmail-int_2606_2607_2617","Royal Mail 24 Tracked Medium","Royal Mail","6.55",""
"outbound","GB-WIS","United Kingdom - Western Isles","Stornoway","HS1 2DD","built-in","Small parcel 2kg 45x35x16","collection","Collection","royalmail-int_2606_2608_2609_2619","Royal Mail 24 Tracked Medium Collection","Royal Mail","6.85",""
"outbound","GB-WIS","United Kingdom - Western Isles","Stornoway","HS1 2DD","built-in","Small parcel 2kg 45x35x16","collection","Collection","ups-dap-uk-express-saver","UPS Express Saver® by 12pm","UPS","15.06",""
"outbound","GB-WIS","United Kingdom - Western Isles","Stornoway","HS1 2DD","built-in","Small parcel 2kg 45x35x16","collection","Collection","ups-dap-express-uk","UPS Express® by 10.30am","UPS","20.88",""
"outbound","GB-WIS","United Kingdom - Western Isles","Stornoway","HS1 2DD","built-in","Small parcel 2kg 45x35x16","dropoff","Shop","parcelforce-express-48-drop-off","Parcelforce Worldwide Express 48 Drop Off","Parcelforce","22.39",""
"outbound","GB-WIS","United Kingdom - Western Isles","Stornoway","HS1 2DD","built-in","Small parcel 2kg 45x35x16","dropoff","Shop","parcelforce-express-24-drop-off","Parcelforce Worldwide Express 24 Drop Off","Parcelforce","22.86",""
"outbound","GB-WIS","United Kingdom - Western Isles","Stornoway","HS1 2DD","built-in","Small parcel 2kg 45x35x16","collection","Collection","parcelforce-by-10am","Parcelforce Worldwide by 10am","Parcelforce","27.96",""
"outbound","GB-WIS","United Kingdom - Western Isles","Stornoway","HS1 2DD","built-in","Small parcel 2kg 45x35x16","dropoff","Shop","fedex-uk-express-dropoff_895","FedEx Economy Drop Off","FedEx Express","32.29",""
"outbound","GB-WIS","United Kingdom - Western Isles","Stornoway","HS1 2DD","built-in","Small parcel 2kg 45x35x16","dropoff","Shop","fedex-uk-express-dropoff","FedEx Priority Drop Off","FedEx Express","32.42",""
"outbound","GB-WIS","United Kingdom - Western Isles","Stornoway","HS1 2DD","built-in","Small parcel 2kg 45x35x16","collection","Collection","fedex-uk-economy-1","FedEx Economy Collection","FedEx Express","35.78",""
"outbound","GB-WIS","United Kingdom - Western Isles","Stornoway","HS1 2DD","built-in","Small parcel 2kg 45x35x16","collection","Collection","fedex-uk-express","FedEx Priority Collection","FedEx Express","38.15",""
"outbound","GB-WIS","United Kingdom - Western Isles","Stornoway","HS1 2DD","built-in","Racket (tennis/badminton/squash) 1kg 70x30x8","collection","Collection","ups-dap-uk-express-saver","UPS Express Saver® by 12pm","UPS","13.02",""
"outbound","GB-WIS","United Kingdom - Western Isles","Stornoway","HS1 2DD","built-in","Racket (tennis/badminton/squash) 1kg 70x30x8","collection","Collection","ups-dap-express-uk","UPS Express® by 10.30am","UPS","18.84",""
"outbound","GB-WIS","United Kingdom - Western Isles","Stornoway","HS1 2DD","built-in","Racket (tennis/badminton/squash) 1kg 70x30x8","dropoff","Shop","parcelforce-express-48-drop-off","Parcelforce Worldwide Express 48 Drop Off","Parcelforce","22.37",""
"outbound","GB-WIS","United Kingdom - Western Isles","Stornoway","HS1 2DD","built-in","Racket (tennis/badminton/squash) 1kg 70x30x8","dropoff","Shop","parcelforce-express-24-drop-off","Parcelforce Worldwide Express 24 Drop Off","Parcelforce","22.81",""
"outbound","GB-WIS","United Kingdom - Western Isles","Stornoway","HS1 2DD","built-in","Racket (tennis/badminton/squash) 1kg 70x30x8","collection","Collection","parcelforce-by-10am","Parcelforce Worldwide by 10am","Parcelforce","27.96",""
"outbound","GB-WIS","United Kingdom - Western Isles","Stornoway","HS1 2DD","built-in","Racket (tennis/badminton/squash) 1kg 70x30x8","dropoff","Shop","fedex-uk-express-dropoff_895","FedEx Economy Drop Off","FedEx Express","32.29",""
"outbound","GB-WIS","United Kingdom - Western Isles","Stornoway","HS1 2DD","built-in","Racket (tennis/badminton/squash) 1kg 70x30x8","dropoff","Shop","fedex-uk-express-dropoff","FedEx Priority Drop Off","FedEx Express","32.42",""
"outbound","GB-WIS","United Kingdom - Western Isles","Stornoway","HS1 2DD","built-in","Bag / padel racket 2kg 80x35x15","collection","Collection","ups-dap-uk-express-saver","UPS Express Saver® by 12pm","UPS","15.06",""
"outbound","GB-WIS","United Kingdom - Western Isles","Stornoway","HS1 2DD","built-in","Bag / padel racket 2kg 80x35x15","collection","Collection","ups-dap-express-uk","UPS Express® by 10.30am","UPS","20.88",""
"outbound","GB-WIS","United Kingdom - Western Isles","Stornoway","HS1 2DD","built-in","Bag / padel racket 2kg 80x35x15","dropoff","Shop","parcelforce-express-48-drop-off","Parcelforce Worldwide Express 48 Drop Off","Parcelforce","22.39",""
"outbound","GB-WIS","United Kingdom - Western Isles","Stornoway","HS1 2DD","built-in","Bag / padel racket 2kg 80x35x15","dropoff","Shop","parcelforce-express-24-drop-off","Parcelforce Worldwide Express 24 Drop Off","Parcelforce","22.86",""
"outbound","GB-WIS","United Kingdom - Western Isles","Stornoway","HS1 2DD","built-in","Bag / padel racket 2kg 80x35x15","collection","Collection","parcelforce-by-10am","Parcelforce Worldwide by 10am","Parcelforce","27.96",""
"outbound","GB-WIS","United Kingdom - Western Isles","Stornoway","HS1 2DD","built-in","Bag / padel racket 2kg 80x35x15","dropoff","Shop","fedex-uk-express-dropoff_895","FedEx Economy Drop Off","FedEx Express","32.29",""
"outbound","GB-WIS","United Kingdom - Western Isles","Stornoway","HS1 2DD","built-in","Bag / padel racket 2kg 80x35x15","dropoff","Shop","fedex-uk-express-dropoff","FedEx Priority Drop Off","FedEx Express","32.42",""
"return","GB-WIS","United Kingdom - Western Isles","Stornoway","HS1 2DD","built-in","Large letter 1kg 35x25x2","dropoff","Shop","royalmail-largeletter-48","Royal Mail 48 Tracked Large Letter","Royal Mail","2.85",""
"return","GB-WIS","United Kingdom - Western Isles","Stornoway","HS1 2DD","built-in","Large letter 1kg 35x25x2","dropoff","Shop","royalmail-int_2606","Royal Mail 48 Tracked Small","Royal Mail","3.65",""
"return","GB-WIS","United Kingdom - Western Isles","Stornoway","HS1 2DD","built-in","Large letter 1kg 35x25x2","dropoff","Shop","royalmail-largeletter-24","Royal Mail 24 Tracked Large Letter","Royal Mail","3.80",""
"return","GB-WIS","United Kingdom - Western Isles","Stornoway","HS1 2DD","built-in","Large letter 1kg 35x25x2","collection","Collection","royalmail-int_2606_2608","Royal Mail 48 Tracked Small Collection","Royal Mail","3.95",""
"return","GB-WIS","United Kingdom - Western Isles","Stornoway","HS1 2DD","built-in","Large letter 1kg 35x25x2","dropoff","Shop","royalmail-int_2606_2607","Royal Mail 24 Tracked Small","Royal Mail","4.65",""
"return","GB-WIS","United Kingdom - Western Isles","Stornoway","HS1 2DD","built-in","Large letter 1kg 35x25x2","collection","Collection","royalmail-int_2606_2608_2609","Royal Mail 24 Tracked Small Collection","Royal Mail","4.95",""
"return","GB-WIS","United Kingdom - Western Isles","Stornoway","HS1 2DD","built-in","Large letter 1kg 35x25x2","dropoff","Shop","royalmail-int_2606_2616","Royal Mail 48 Tracked Medium","Royal Mail","5.55",""
"return","GB-WIS","United Kingdom - Western Isles","Stornoway","HS1 2DD","built-in","Large letter 1kg 35x25x2","collection","Collection","royalmail-int_2606_2608_2618","Royal Mail 48 Tracked Medium Collection","Royal Mail","5.85",""
"return","GB-WIS","United Kingdom - Western Isles","Stornoway","HS1 2DD","built-in","Large letter 1kg 35x25x2","dropoff","Shop","dpd_drop_off_economy","DPD Drop Off Economy Plus","DPD","6.23",""
"return","GB-WIS","United Kingdom - Western Isles","Stornoway","HS1 2DD","built-in","Large letter 1kg 35x25x2","dropoff","Shop","royalmail-int_2606_2607_2617","Royal Mail 24 Tracked Medium","Royal Mail","6.55",""
"return","GB-WIS","United Kingdom - Western Isles","Stornoway","HS1 2DD","built-in","Large letter 1kg 35x25x2","dropoff","Shop","dpd_2650","DPD Drop Off Small","DPD","6.72",""
"return","GB-WIS","United Kingdom - Western Isles","Stornoway","HS1 2DD","built-in","Large letter 1kg 35x25x2","collection","Collection","royalmail-int_2606_2608_2609_2619","Royal Mail 24 Tracked Medium Collection","Royal Mail","6.85",""
"return","GB-WIS","United Kingdom - Western Isles","Stornoway","HS1 2DD","built-in","Large letter 1kg 35x25x2","dropoff","Shop","dpd","DPD Drop Off","DPD","7.94",""
"return","GB-WIS","United Kingdom - Western Isles","Stornoway","HS1 2DD","built-in","Large letter 1kg 35x25x2","collection","Collection","ups-dap-uk-express-saver","UPS Express Saver® by 12pm","UPS","12.72",""
"return","GB-WIS","United Kingdom - Western Isles","Stornoway","HS1 2DD","built-in","Large letter 1kg 35x25x2","collection","Collection","ups-dap-express-uk","UPS Express® by 10.30am","UPS","18.54",""
"return","GB-WIS","United Kingdom - Western Isles","Stornoway","HS1 2DD","built-in","Large letter 1kg 35x25x2","dropoff","Shop","parcelforce-express-48-drop-off","Parcelforce Worldwide Express 48 Drop Off","Parcelforce","22.37",""
"return","GB-WIS","United Kingdom - Western Isles","Stornoway","HS1 2DD","built-in","Large letter 1kg 35x25x2","dropoff","Shop","parcelforce-express-24-drop-off","Parcelforce Worldwide Express 24 Drop Off","Parcelforce","22.81",""
"return","GB-WIS","United Kingdom - Western Isles","Stornoway","HS1 2DD","built-in","Large letter 1kg 35x25x2","collection","Collection","parcelforce-by-10am","Parcelforce Worldwide by 10am","Parcelforce","27.96",""
"return","GB-WIS","United Kingdom - Western Isles","Stornoway","HS1 2DD","built-in","Large letter 1kg 35x25x2","dropoff","Shop","fedex-uk-express-dropoff_895","FedEx Economy Drop Off","FedEx Express","30.78",""
"return","GB-WIS","United Kingdom - Western Isles","Stornoway","HS1 2DD","built-in","Large letter 1kg 35x25x2","dropoff","Shop","fedex-uk-express-dropoff","FedEx Priority Drop Off","FedEx Express","30.79",""
"return","GB-WIS","United Kingdom - Western Isles","Stornoway","HS1 2DD","built-in","Large letter 1kg 35x25x2","collection","Collection","fedex-uk-economy-1","FedEx Economy Collection","FedEx Express","35.78",""
"return","GB-WIS","United Kingdom - Western Isles","Stornoway","HS1 2DD","built-in","Large letter 1kg 35x25x2","collection","Collection","fedex-uk-express","FedEx Priority Collection","FedEx Express","37.48",""
"return","GB-WIS","United Kingdom - Western Isles","Stornoway","HS1 2DD","built-in","Small parcel 2kg 45x35x16","dropoff","Shop","royalmail-int_2606","Royal Mail 48 Tracked Small","Royal Mail","3.65",""
"return","GB-WIS","United Kingdom - Western Isles","Stornoway","HS1 2DD","built-in","Small parcel 2kg 45x35x16","collection","Collection","royalmail-int_2606_2608","Royal Mail 48 Tracked Small Collection","Royal Mail","3.95",""
"return","GB-WIS","United Kingdom - Western Isles","Stornoway","HS1 2DD","built-in","Small parcel 2kg 45x35x16","dropoff","Shop","royalmail-int_2606_2607","Royal Mail 24 Tracked Small","Royal Mail","4.65",""
"return","GB-WIS","United Kingdom - Western Isles","Stornoway","HS1 2DD","built-in","Small parcel 2kg 45x35x16","collection","Collection","royalmail-int_2606_2608_2609","Royal Mail 24 Tracked Small Collection","Royal Mail","4.95",""
"return","GB-WIS","United Kingdom - Western Isles","Stornoway","HS1 2DD","built-in","Small parcel 2kg 45x35x16","dropoff","Shop","royalmail-int_2606_2616","Royal Mail 48 Tracked Medium","Royal Mail","5.55",""
"return","GB-WIS","United Kingdom - Western Isles","Stornoway","HS1 2DD","built-in","Small parcel 2kg 45x35x16","collection","Collection","royalmail-int_2606_2608_2618","Royal Mail 48 Tracked Medium Collection","Royal Mail","5.85",""
"return","GB-WIS","United Kingdom - Western Isles","Stornoway","HS1 2DD","built-in","Small parcel 2kg 45x35x16","dropoff","Shop","dpd_drop_off_economy","DPD Drop Off Economy Plus","DPD","6.42",""
"return","GB-WIS","United Kingdom - Western Isles","Stornoway","HS1 2DD","built-in","Small parcel 2kg 45x35x16","dropoff","Shop","royalmail-int_2606_2607_2617","Royal Mail 24 Tracked Medium","Royal Mail","6.55",""
"return","GB-WIS","United Kingdom - Western Isles","Stornoway","HS1 2DD","built-in","Small parcel 2kg 45x35x16","collection","Collection","royalmail-int_2606_2608_2609_2619","Royal Mail 24 Tracked Medium Collection","Royal Mail","6.85",""
"return","GB-WIS","United Kingdom - Western Isles","Stornoway","HS1 2DD","built-in","Small parcel 2kg 45x35x16","dropoff","Shop","dpd","DPD Drop Off","DPD","7.99",""
"return","GB-WIS","United Kingdom - Western Isles","Stornoway","HS1 2DD","built-in","Small parcel 2kg 45x35x16","collection","Collection","ups-dap-uk-express-saver","UPS Express Saver® by 12pm","UPS","15.06",""
"return","GB-WIS","United Kingdom - Western Isles","Stornoway","HS1 2DD","built-in","Small parcel 2kg 45x35x16","collection","Collection","ups-dap-express-uk","UPS Express® by 10.30am","UPS","20.88",""
"return","GB-WIS","United Kingdom - Western Isles","Stornoway","HS1 2DD","built-in","Small parcel 2kg 45x35x16","dropoff","Shop","parcelforce-express-48-drop-off","Parcelforce Worldwide Express 48 Drop Off","Parcelforce","22.39",""
"return","GB-WIS","United Kingdom - Western Isles","Stornoway","HS1 2DD","built-in","Small parcel 2kg 45x35x16","dropoff","Shop","parcelforce-express-24-drop-off","Parcelforce Worldwide Express 24 Drop Off","Parcelforce","22.86",""
"return","GB-WIS","United Kingdom - Western Isles","Stornoway","HS1 2DD","built-in","Small parcel 2kg 45x35x16","collection","Collection","parcelforce-by-10am","Parcelforce Worldwide by 10am","Parcelforce","27.96",""
"return","GB-WIS","United Kingdom - Western Isles","Stornoway","HS1 2DD","built-in","Small parcel 2kg 45x35x16","dropoff","Shop","fedex-uk-express-dropoff_895","FedEx Economy Drop Off","FedEx Express","32.29",""
"return","GB-WIS","United Kingdom - Western Isles","Stornoway","HS1 2DD","built-in","Small parcel 2kg 45x35x16","dropoff","Shop","fedex-uk-express-dropoff","FedEx Priority Drop Off","FedEx Express","32.42",""
"return","GB-WIS","United Kingdom - Western Isles","Stornoway","HS1 2DD","built-in","Small parcel 2kg 45x35x16","collection","Collection","fedex-uk-economy-1","FedEx Economy Collection","FedEx Express","35.78",""
"return","GB-WIS","United Kingdom - Western Isles","Stornoway","HS1 2DD","built-in","Small parcel 2kg 45x35x16","collection","Collection","fedex-uk-express","FedEx Priority Collection","FedEx Express","38.15",""
"return","GB-WIS","United Kingdom - Western Isles","Stornoway","HS1 2DD","built-in","Racket (tennis/badminton/squash) 1kg 70x30x8","collection","Collection","ups-dap-uk-express-saver","UPS Express Saver® by 12pm","UPS","13.02",""
"return","GB-WIS","United Kingdom - Western Isles","Stornoway","HS1 2DD","built-in","Racket (tennis/badminton/squash) 1kg 70x30x8","collection","Collection","ups-dap-express-uk","UPS Express® by 10.30am","UPS","18.84",""
"return","GB-WIS","United Kingdom - Western Isles","Stornoway","HS1 2DD","built-in","Racket (tennis/badminton/squash) 1kg 70x30x8","dropoff","Shop","parcelforce-express-48-drop-off","Parcelforce Worldwide Express 48 Drop Off","Parcelforce","22.37",""
"return","GB-WIS","United Kingdom - Western Isles","Stornoway","HS1 2DD","built-in","Racket (tennis/badminton/squash) 1kg 70x30x8","dropoff","Shop","parcelforce-express-24-drop-off","Parcelforce Worldwide Express 24 Drop Off","Parcelforce","22.81",""
"return","GB-WIS","United Kingdom - Western Isles","Stornoway","HS1 2DD","built-in","Racket (tennis/badminton/squash) 1kg 70x30x8","collection","Collection","parcelforce-by-10am","Parcelforce Worldwide by 10am","Parcelforce","27.96",""
"return","GB-WIS","United Kingdom - Western Isles","Stornoway","HS1 2DD","built-in","Racket (tennis/badminton/squash) 1kg 70x30x8","dropoff","Shop","fedex-uk-express-dropoff_895","FedEx Economy Drop Off","FedEx Express","32.29",""
"return","GB-WIS","United Kingdom - Western Isles","Stornoway","HS1 2DD","built-in","Racket (tennis/badminton/squash) 1kg 70x30x8","dropoff","Shop","fedex-uk-express-dropoff","FedEx Priority Drop Off","FedEx Express","32.42",""
"return","GB-WIS","United Kingdom - Western Isles","Stornoway","HS1 2DD","built-in","Bag / padel racket 2kg 80x35x15","collection","Collection","ups-dap-uk-express-saver","UPS Express Saver® by 12pm","UPS","15.06",""
"return","GB-WIS","United Kingdom - Western Isles","Stornoway","HS1 2DD","built-in","Bag / padel racket 2kg 80x35x15","collection","Collection","ups-dap-express-uk","UPS Express® by 10.30am","UPS","20.88",""
"return","GB-WIS","United Kingdom - Western Isles","Stornoway","HS1 2DD","built-in","Bag / padel racket 2kg 80x35x15","dropoff","Shop","parcelforce-express-48-drop-off","Parcelforce Worldwide Express 48 Drop Off","Parcelforce","22.39",""
"return","GB-WIS","United Kingdom - Western Isles","Stornoway","HS1 2DD","built-in","Bag / padel racket 2kg 80x35x15","dropoff","Shop","parcelforce-express-24-drop-off","Parcelforce Worldwide Express 24 Drop Off","Parcelforce","22.86",""
"return","GB-WIS","United Kingdom - Western Isles","Stornoway","HS1 2DD","built-in","Bag / padel racket 2kg 80x35x15","collection","Collection","parcelforce-by-10am","Parcelforce Worldwide by 10am","Parcelforce","27.96",""
"return","GB-WIS","United Kingdom - Western Isles","Stornoway","HS1 2DD","built-in","Bag / padel racket 2kg 80x35x15","dropoff","Shop","fedex-uk-express-dropoff_895","FedEx Economy Drop Off","FedEx Express","32.29",""
"return","GB-WIS","United Kingdom - Western Isles","Stornoway","HS1 2DD","built-in","Bag / padel racket 2kg 80x35x15","dropoff","Shop","fedex-uk-express-dropoff","FedEx Priority Drop Off","FedEx Express","32.42",""